geo,name,time,Income per person (ppp$2021),GDP total,GDP per capita growth (%)
africa,Africa,1800,437.6992975,57102830744,
africa,Africa,1801,437.322912,57183022380,-0.09
africa,Africa,1802,436.9499991,57268094833,-0.09
africa,Africa,1803,436.5014596,57347632038,-0.1
africa,Africa,1804,436.0338495,57428983174,-0.11
africa,Africa,1805,434.7656264,57408910599,-0.29
africa,Africa,1806,434.5010158,57525420899,-0.06
africa,Africa,1807,435.6780098,57837696595,0.27
africa,Africa,1808,432.9287447,57632739942,-0.63
africa,Africa,1809,432.1910665,57698832050,-0.17
africa,Africa,1810,433.4952389,58051037204,0.3
africa,Africa,1811,429.3123784,57672731888,-0.96
africa,Africa,1812,429.1137136,57839652579,-0.05
africa,Africa,1813,432.4152677,58491784546,0.77
africa,Africa,1814,432.0826921,58664683738,-0.08
africa,Africa,1815,428.4091067,58392858269,-0.85
africa,Africa,1816,428.4890446,58641737181,0.02
africa,Africa,1817,428.5579504,58900271010,0.02
africa,Africa,1818,429.1026896,59235742111,0.13
africa,Africa,1819,426.1136195,59119205550,-0.7
africa,Africa,1820,425.5469688,59373582916,-0.13
africa,Africa,1821,428.6889267,60184251448,0.74
africa,Africa,1822,427.9300763,60486855870,-0.18
africa,Africa,1823,428.8676842,61071042996,0.22
africa,Africa,1824,429.8439028,61674310513,0.23
africa,Africa,1825,430.9803454,62314585745,0.26
africa,Africa,1826,431.9965341,62951775205,0.24
africa,Africa,1827,433.051735,63609097275,0.24
africa,Africa,1828,434.1677371,64290160923,0.26
africa,Africa,1829,435.3127454,64979022495,0.26
africa,Africa,1830,435.4886116,65525496936,0.04
africa,Africa,1831,435.8954791,66108011224,0.09
africa,Africa,1832,437.0770113,66804265660,0.27
africa,Africa,1833,438.3366683,67509512854,0.29
africa,Africa,1834,439.8072262,68256173625,0.34
africa,Africa,1835,441.2210792,69003289938,0.32
africa,Africa,1836,442.5668767,69749015968,0.31
africa,Africa,1837,443.9195273,70505143372,0.31
africa,Africa,1838,445.3812008,71288200463,0.33
africa,Africa,1839,447.1041308,72114675803,0.39
africa,Africa,1840,448.9299424,72959735100,0.41
africa,Africa,1841,450.6335292,73786832757,0.38
africa,Africa,1842,452.520803,74645922023,0.42
africa,Africa,1843,454.7781505,75568582017,0.5
africa,Africa,1844,456.7489264,76455000909,0.43
africa,Africa,1845,458.7708309,77361252587,0.44
africa,Africa,1846,460.7114608,78265235420,0.42
africa,Africa,1847,462.8399151,79212883063,0.46
africa,Africa,1848,466.2579102,80395086200,0.74
africa,Africa,1849,469.49816,81536074033,0.69
africa,Africa,1850,472.6696308,82653508750,0.68
africa,Africa,1851,477.5997753,84050233603,1.04
africa,Africa,1852,479.6536904,84928008600,0.43
africa,Africa,1853,482.255113,85887152493,0.54
africa,Africa,1854,482.2001444,86381208971,-0.01
africa,Africa,1855,484.9156102,87379826631,0.56
africa,Africa,1856,479.8931714,86987190256,-1.04
africa,Africa,1857,484.9865526,88433931082,1.06
africa,Africa,1858,482.1585243,88444432133,-0.58
africa,Africa,1859,483.6427821,89246708983,0.31
africa,Africa,1860,485.4009187,90105125433,0.36
africa,Africa,1861,484.7064514,90511291799,-0.14
africa,Africa,1862,478.9102191,89959258451,-1.2
africa,Africa,1863,481.0435265,90894103716,0.45
africa,Africa,1864,489.8501694,93106935129,1.83
africa,Africa,1865,483.3114929,92410458036,-1.33
africa,Africa,1866,485.135436,93312539557,0.38
africa,Africa,1867,490.039202,94819702690,1.01
africa,Africa,1868,491.1229311,95599681497,0.22
africa,Africa,1869,491.7629589,96311529125,0.13
africa,Africa,1870,494.3693667,97429170810,0.53
africa,Africa,1871,495.7252406,98294619565,0.27
africa,Africa,1872,510.3404975,101855308446,2.95
africa,Africa,1873,505.8012867,101624855048,-0.89
africa,Africa,1874,505.3270334,102212112469,-0.09
africa,Africa,1875,510.4336523,103942300723,1.01
africa,Africa,1876,516.1725135,105824057092,1.12
africa,Africa,1877,515.0169841,106306750259,-0.22
africa,Africa,1878,515.3581574,107105403171,0.07
africa,Africa,1879,520.8775497,109023258962,1.07
africa,Africa,1880,528.8976793,111521485480,1.54
africa,Africa,1881,527.1527652,112008966717,-0.33
africa,Africa,1882,525.5788666,112567739537,-0.3
africa,Africa,1883,515.7896738,111389247317,-1.86
africa,Africa,1884,513.2498638,111772129398,-0.49
africa,Africa,1885,509.0114857,111791233730,-0.83
africa,Africa,1886,514.8132755,114037801178,1.14
africa,Africa,1887,520.1798699,116229713706,1.04
africa,Africa,1888,525.7993657,118521204798,1.08
africa,Africa,1889,525.8981871,119571039043,0.02
africa,Africa,1890,526.7197228,120777081575,0.16
africa,Africa,1891,528.8313419,122273107300,0.4
africa,Africa,1892,528.086795,123098146183,-0.14
africa,Africa,1893,528.0247536,124065647605,-0.01
africa,Africa,1894,526.8991533,124795152935,-0.21
africa,Africa,1895,533.4611772,127370233044,1.25
africa,Africa,1896,535.4400792,128882195626,0.37
africa,Africa,1897,532.5172208,129227431163,-0.55
africa,Africa,1898,542.2008085,132660709915,1.82
africa,Africa,1899,535.696328,132168876204,-1.2
africa,Africa,1900,520.9721173,129634469806,-2.75
africa,Africa,1901,523.9343608,131505923417,0.57
africa,Africa,1902,532.6270702,134871689292,1.66
africa,Africa,1903,549.6095591,140425960689,3.19
africa,Africa,1904,551.2855958,142130769231,0.3
africa,Africa,1905,556.7188025,144839956450,0.99
africa,Africa,1906,563.9955975,148078456922,1.31
africa,Africa,1907,563.2839032,149255284243,-0.13
africa,Africa,1908,548.2450007,146617481802,-2.67
africa,Africa,1909,553.5055914,149239877189,0.96
africa,Africa,1910,542.7076835,147377168857,-1.95
africa,Africa,1911,546.5846026,149324947912,0.71
africa,Africa,1912,549.5691047,150907616489,0.55
africa,Africa,1913,554.4159374,152861674475,0.88
africa,Africa,1914,559.7622982,154977714331,0.96
africa,Africa,1915,567.5718829,157803947728,1.4
africa,Africa,1916,571.6463598,159619007776,0.72
africa,Africa,1917,578.5682487,162256001467,1.21
africa,Africa,1918,579.8183208,163352656179,0.22
africa,Africa,1919,596.9187312,169121846122,2.95
africa,Africa,1920,597.39457,170393455888,0.08
africa,Africa,1921,603.6108053,173502640173,1.04
africa,Africa,1922,614.4608535,178173511011,1.8
africa,Africa,1923,623.4240289,182543162768,1.46
africa,Africa,1924,632.5027994,187019532089,1.46
africa,Africa,1925,642.3347062,191795201683,1.55
africa,Africa,1926,651.1940542,196357719043,1.38
africa,Africa,1927,658.0302214,200379814919,1.05
africa,Africa,1928,668.5752324,205607228706,1.6
africa,Africa,1929,670.5477693,208204685416,0.3
africa,Africa,1930,670.5279192,210157487372,0
africa,Africa,1931,674.4833382,213335277135,0.59
africa,Africa,1932,678.895488,216648466892,0.65
africa,Africa,1933,697.0930181,224390221686,2.68
africa,Africa,1934,710.236555,230615715670,1.89
africa,Africa,1935,731.0144246,239439936943,2.93
africa,Africa,1936,753.7307191,249048316247,3.11
africa,Africa,1937,768.0443618,256013204084,1.9
africa,Africa,1938,771.4509875,259420858060,0.44
africa,Africa,1939,786.2011139,266767802580,1.91
africa,Africa,1940,801.0743971,274323539793,1.89
africa,Africa,1941,809.2382703,279736331302,1.02
africa,Africa,1942,824.2429029,287677681633,1.85
africa,Africa,1943,836.2001575,294740884743,1.45
africa,Africa,1944,856.038945,304747610452,2.37
africa,Africa,1945,872.2259051,313638981387,1.89
africa,Africa,1946,889.3426515,323044432517,1.96
africa,Africa,1947,903.8764979,331689964330,1.63
africa,Africa,1948,932.6066729,345772176624,3.18
africa,Africa,1949,954.1967445,357727717348,2.32
africa,Africa,1950,988.4367262,375203349863,3.59
africa,Africa,1951,1028.966155,395793556089,4.1
africa,Africa,1952,1062.975118,414816635816,3.31
africa,Africa,1953,1091.496987,432497824462,2.68
africa,Africa,1954,1133.355734,456286963631,3.83
africa,Africa,1955,1156.792282,473441131398,2.07
africa,Africa,1956,1190.463758,495468171856,2.91
africa,Africa,1957,1221.404006,517386397505,2.6
africa,Africa,1958,1240.534445,535042754214,1.57
africa,Africa,1959,1294.015421,567935091545,4.31
africa,Africa,1960,1351.417386,603506706787,4.44
africa,Africa,1961,1364.413845,619864572608,0.96
africa,Africa,1962,1394.323467,644092675088,2.19
africa,Africa,1963,1484.53896,697068279198,6.47
africa,Africa,1964,1560.570149,744411187286,5.12
africa,Africa,1965,1621.003387,785127740017,3.87
africa,Africa,1966,1644.204323,808406465482,1.43
africa,Africa,1967,1655.896551,825937740442,0.71
africa,Africa,1968,1723.634255,871967413291,4.09
africa,Africa,1969,1840.481866,944729617093,6.78
africa,Africa,1970,1986.070883,1033449549027,7.91
africa,Africa,1971,2063.558939,1088162238827,3.9
africa,Africa,1972,2147.842911,1148260620550,4.08
africa,Africa,1973,2216.536943,1200859007236,3.2
africa,Africa,1974,2342.520124,1285401276034,5.68
africa,Africa,1975,2375.823041,1318849725755,1.42
africa,Africa,1976,2530.746733,1420360621393,6.52
africa,Africa,1977,2636.418914,1496687184543,4.18
africa,Africa,1978,2697.421879,1550290973070,2.31
africa,Africa,1979,2797.46827,1629669968930,3.71
africa,Africa,1980,2897.859445,1711455993103,3.59
africa,Africa,1981,2914.27348,1743875590461,0.57
africa,Africa,1982,2963.624115,1797223450309,1.69
africa,Africa,1983,2955.163001,1817396677963,-0.29
africa,Africa,1984,3020.358074,1884060754509,2.21
africa,Africa,1985,3112.944524,1969563745025,3.07
africa,Africa,1986,3162.506477,2030636152319,1.59
africa,Africa,1987,3202.897996,2087852208093,1.28
africa,Africa,1988,3315.172488,2193205524574,3.51
africa,Africa,1989,3398.246838,2280728760714,2.51
africa,Africa,1990,3471.719977,2361941554020,2.16
africa,Africa,1991,3519.79486,2424247724807,1.38
africa,Africa,1992,3546.522445,2468905879386,0.76
africa,Africa,1993,3552.962943,2500170562242,0.18
africa,Africa,1994,3617.604054,2577779808775,1.82
africa,Africa,1995,3724.965304,2687611811130,2.97
africa,Africa,1996,3920.252913,2859746239916,5.24
africa,Africa,1997,4068.802242,2999328232623,3.79
africa,Africa,1998,4209.141927,3134382607443,3.45
africa,Africa,1999,4337.524301,3262682907797,3.05
africa,Africa,2000,4500.120152,3422459035532,3.75
africa,Africa,2001,4663.628335,3587290938755,3.63
africa,Africa,2002,4864.352551,3785991088874,4.3
africa,Africa,2003,5057.175765,3981530986660,3.96
africa,Africa,2004,5319.634094,4233648790270,5.19
africa,Africa,2005,5589.237601,4497936611702,5.07
africa,Africa,2006,5885.157423,4788599292423,5.29
africa,Africa,2007,6189.734238,5093978231866,5.18
africa,Africa,2008,6457.401683,5377528275263,4.32
africa,Africa,2009,6594.222124,5557312419606,2.12
africa,Africa,2010,6883.435242,5872652475207,4.39
africa,Africa,2011,6980.660042,6031774091942,1.41
africa,Africa,2012,7232.904634,6333149756112,3.61
africa,Africa,2013,7392.470678,6565268563292,2.21
africa,Africa,2014,7568.227858,6819174758296,2.38
africa,Africa,2015,7706.703633,7043199861696,1.83
africa,Africa,2016,7769.992196,7201699978401,0.82
africa,Africa,2017,7929.297273,7447296161852,2.05
africa,Africa,2018,8097.059548,7699025064004,2.12
africa,Africa,2019,8239.872566,7932070486342,1.76
africa,Africa,2020,8009.767936,7804546844726,-2.79
africa,Africa,2021,8277.533091,8155804542026,3.34
africa,Africa,2022,8518.478452,8497424845476,2.91
africa,Africa,2023,8673.803782,8768303225879,1.82
africa,Africa,2024,8846.202763,9050317780709,1.99
africa,Africa,2025,9085.498005,9397663006257,2.71
africa,Africa,2026,9328.62777,9756301415430,2.68
africa,Africa,2027,9626.449018,10182821796947,3.19
africa,Africa,2028,9969.741307,10664508681313,3.57
africa,Africa,2029,10369.42091,11214747879467,4.01
africa,Africa,2030,10376.99346,11345247487304,0.07
africa,Africa,2031,10679.6161,11801441137673,2.92
africa,Africa,2032,10989.88661,12272902584768,2.91
africa,Africa,2033,11307.64053,12759870140569,2.89
africa,Africa,2034,11633.03332,13262966725943,2.88
africa,Africa,2035,11966.10818,13782661540713,2.86
africa,Africa,2036,12307.00307,14319045392881,2.85
africa,Africa,2037,12655.97441,14872446706743,2.84
africa,Africa,2038,13013.10926,15443312617887,2.82
africa,Africa,2039,13378.42557,16031918482070,2.81
africa,Africa,2040,13751.56411,16638467493768,2.79
africa,Africa,2041,14132.17114,17263082433051,2.77
africa,Africa,2042,14520.43332,17905780532625,2.75
africa,Africa,2043,14916.78245,18566859325334,2.73
africa,Africa,2044,15320.82686,19246285131355,2.71
africa,Africa,2045,15731.92852,19943732823836,2.68
africa,Africa,2046,16150.49383,20659584295202,2.66
africa,Africa,2047,16577.23337,21394514913091,2.64
africa,Africa,2048,17012.56063,22148632425033,2.63
africa,Africa,2049,17456.60609,22921721438899,2.61
africa,Africa,2050,17909.17115,23714267200999,2.59
africa,Africa,2051,18370.38628,24526997453737,2.58
africa,Africa,2052,18840.27315,25359668956022,2.56
africa,Africa,2053,19318.98049,26212088411735,2.54
africa,Africa,2054,19807.19664,27085176051190,2.53
africa,Africa,2055,20304.7002,27979180642952,2.51
africa,Africa,2056,20811.29613,28893878187706,2.49
africa,Africa,2057,21327.25708,29829688935892,2.48
africa,Africa,2058,21853.11165,30787400802818,2.47
africa,Africa,2059,22387.95705,31767430493870,2.45
africa,Africa,2060,22931.31737,32769192708328,2.43
africa,Africa,2061,23485.0625,33793402134788,2.41
africa,Africa,2062,24049.29136,34840417789988,2.4
africa,Africa,2063,24623.17843,35909899591677,2.39
africa,Africa,2064,25207.37353,37002779984547,2.37
africa,Africa,2065,25801.48275,38118356719024,2.36
africa,Africa,2066,26405.40116,39256572226834,2.34
africa,Africa,2067,27019.47883,40418379283584,2.33
africa,Africa,2068,27643.7905,41603326233644,2.31
africa,Africa,2069,28278.29334,42811372757301,2.3
africa,Africa,2070,28922.73462,44042764454930,2.28
africa,Africa,2071,29578.11425,45298230183118,2.27
africa,Africa,2072,30244.32614,46577505243107,2.25
africa,Africa,2073,30920.43826,47879087683201,2.24
africa,Africa,2074,31606.76521,49203863372023,2.22
africa,Africa,2075,32304.2848,50552544920384,2.21
africa,Africa,2076,33011.98149,51923512041279,2.19
africa,Africa,2077,33729.64694,53316967367037,2.17
africa,Africa,2078,34458.21864,54733537864929,2.16
africa,Africa,2079,35196.83655,56171889075509,2.14
africa,Africa,2080,35945.67144,57632035065112,2.13
africa,Africa,2081,36705.16848,59113993393148,2.11
africa,Africa,2082,37474.76062,60617097720361,2.1
africa,Africa,2083,38253.65823,62141714495873,2.08
africa,Africa,2084,39042.04287,63687069793213,2.06
africa,Africa,2085,39840.84538,65253110006349,2.05
africa,Africa,2086,40651.1041,66841420539217,2.03
africa,Africa,2087,41472.92493,68450365683440,2.02
africa,Africa,2088,42304.50658,70077460198176,2.01
africa,Africa,2089,43146.42629,71723913351227,1.99
africa,Africa,2090,43999.21883,73390083391310,1.98
africa,Africa,2091,44861.6776,75074701440681,1.96
africa,Africa,2092,45734.17181,76776432819966,1.94
africa,Africa,2093,46616.60324,78495403629073,1.93
africa,Africa,2094,47508.73399,80232081648848,1.91
africa,Africa,2095,48411.22622,81985287077030,1.9
africa,Africa,2096,49324.6467,83754784483320,1.89
africa,Africa,2097,50248.55396,85539893259456,1.87
africa,Africa,2098,51182.57527,87340649744775,1.86
africa,Africa,2099,52126.49452,89156374586448,1.84
africa,Africa,2100,53081.42662,90987054528720,1.83
asia,Asia,1800,1963.82301,734212126665,
asia,Asia,1801,1960.776316,735304528129,-0.16
asia,Asia,1802,1955.32311,735507417132,-0.28
asia,Asia,1803,1949.866551,735719452948,-0.28
asia,Asia,1804,1944.432504,735950624986,-0.28
asia,Asia,1805,1938.997795,736192410182,-0.28
asia,Asia,1806,1933.542795,736437553438,-0.28
asia,Asia,1807,1928.128151,736709382591,-0.28
asia,Asia,1808,1922.731445,736999677136,-0.28
asia,Asia,1809,1917.289163,737284310271,-0.28
asia,Asia,1810,1914.696114,738785979857,-0.14
asia,Asia,1811,1912.579971,740497085419,-0.11
asia,Asia,1812,1911.447896,742691615927,-0.06
asia,Asia,1813,1911.176162,745326312464,-0.01
asia,Asia,1814,1910.769644,748000919463,-0.02
asia,Asia,1815,1907.833473,749774689515,-0.15
asia,Asia,1816,1910.777746,753955162492,0.15
asia,Asia,1817,1909.802035,756688756584,-0.05
asia,Asia,1818,1908.402414,759348377637,-0.07
asia,Asia,1819,1907.393965,762191383761,-0.05
asia,Asia,1820,1905.389563,764662014510,-0.11
asia,Asia,1821,1902.780864,766508188713,-0.14
asia,Asia,1822,1902.211602,769159101371,-0.03
asia,Asia,1823,1900.345163,772180157322,-0.1
asia,Asia,1824,1896.25146,774342005066,-0.22
asia,Asia,1825,1895.304287,777836978967,-0.05
asia,Asia,1826,1895.534358,781872792863,0.01
asia,Asia,1827,1893.636212,785087174220,-0.1
asia,Asia,1828,1890.49654,787836784383,-0.17
asia,Asia,1829,1885.660421,789964977359,-0.26
asia,Asia,1830,1880.180218,791905024850,-0.29
asia,Asia,1831,1877.44311,795088190277,-0.15
asia,Asia,1832,1873.413128,797791944709,-0.21
asia,Asia,1833,1869.540451,800629548438,-0.21
asia,Asia,1834,1865.615769,803472446224,-0.21
asia,Asia,1835,1859.061708,805204497727,-0.35
asia,Asia,1836,1852.76251,807063113979,-0.34
asia,Asia,1837,1849.569775,810299921838,-0.17
asia,Asia,1838,1843.949506,812500444239,-0.3
asia,Asia,1839,1837.642562,814320825798,-0.34
asia,Asia,1840,1834.890916,817648034764,-0.15
asia,Asia,1841,1829.620905,819794883513,-0.29
asia,Asia,1842,1825.159957,822243657269,-0.24
asia,Asia,1843,1820.314234,824461262828,-0.27
asia,Asia,1844,1814.805128,826416077460,-0.3
asia,Asia,1845,1807.983982,827806691852,-0.38
asia,Asia,1846,1802.614721,829896142172,-0.3
asia,Asia,1847,1797.707643,832237747813,-0.27
asia,Asia,1848,1794.838264,835569145189,-0.16
asia,Asia,1849,1787.212678,836578800526,-0.42
asia,Asia,1850,1778.583489,836995531163,-0.48
asia,Asia,1851,1777.04371,839791001668,-0.09
asia,Asia,1852,1769.094015,839443766283,-0.45
asia,Asia,1853,1762.739959,839729672644,-0.36
asia,Asia,1854,1751.381759,837644890063,-0.64
asia,Asia,1855,1744.39837,837664196571,-0.4
asia,Asia,1856,1740.872517,839370459843,-0.2
asia,Asia,1857,1729.499391,837311028649,-0.65
asia,Asia,1858,1722.540867,837399839539,-0.4
asia,Asia,1859,1718.035752,838721702540,-0.26
asia,Asia,1860,1711.047731,838869769163,-0.41
asia,Asia,1861,1704.77838,839418602028,-0.37
asia,Asia,1862,1695.1661,838360217362,-0.56
asia,Asia,1863,1689.86368,839464078410,-0.31
asia,Asia,1864,1684.888011,840746828161,-0.29
asia,Asia,1865,1680.045717,842100844811,-0.29
asia,Asia,1866,1676.277726,843998025396,-0.22
asia,Asia,1867,1674.338755,846838553425,-0.12
asia,Asia,1868,1668.151981,847543862141,-0.37
asia,Asia,1869,1663.310329,848806056287,-0.29
asia,Asia,1870,1663.329492,852459450199,0
asia,Asia,1871,1661.360128,854979002428,-0.12
asia,Asia,1872,1663.305211,859455301057,0.12
asia,Asia,1873,1664.856337,863628889685,0.09
asia,Asia,1874,1664.664089,866917713018,-0.01
asia,Asia,1875,1669.203496,872741558780,0.27
asia,Asia,1876,1668.823165,876029233409,-0.02
asia,Asia,1877,1671.181255,880735451710,0.14
asia,Asia,1878,1675.240864,886354924434,0.24
asia,Asia,1879,1674.625314,890121669628,-0.04
asia,Asia,1880,1688.400805,902246017948,0.82
asia,Asia,1881,1694.304522,910925566561,0.35
asia,Asia,1882,1689.010245,914284594638,-0.31
asia,Asia,1883,1690.616564,922041832989,0.1
asia,Asia,1884,1694.530546,931141113743,0.23
asia,Asia,1885,1709.745443,946680886577,0.9
asia,Asia,1886,1694.380299,945299306463,-0.9
asia,Asia,1887,1724.979327,969712919337,1.81
asia,Asia,1888,1728.339393,978995078088,0.19
asia,Asia,1889,1727.704432,985501238015,-0.04
asia,Asia,1890,1770.653137,1016532549985,2.49
asia,Asia,1891,1711.335129,988230802568,-3.35
asia,Asia,1892,1759.976821,1021691011784,2.84
asia,Asia,1893,1776.199524,1035996056353,0.92
asia,Asia,1894,1805.670866,1058248733785,1.66
asia,Asia,1895,1789.434425,1053865596641,-0.9
asia,Asia,1896,1745.241387,1032844816539,-2.47
asia,Asia,1897,1838.13693,1093196878696,5.32
asia,Asia,1898,1874.498096,1120368384602,1.98
asia,Asia,1899,1823.830462,1096310363518,-2.7
asia,Asia,1900,1849.88611,1119066357467,1.43
asia,Asia,1901,1853.94621,1129398608240,0.22
asia,Asia,1902,1881.134676,1154780813475,1.47
asia,Asia,1903,1905.64205,1179582172946,1.3
asia,Asia,1904,1899.327786,1185522077576,-0.33
asia,Asia,1905,1869.576002,1176773153521,-1.57
asia,Asia,1906,1900.500007,1206358162928,1.65
asia,Asia,1907,1863.252527,1192807233621,-1.96
asia,Asia,1908,1866.484466,1205159925009,0.17
asia,Asia,1909,1944.290569,1265072393351,4.17
asia,Asia,1910,1954.149657,1280147793587,0.51
asia,Asia,1911,1956.938232,1289484747810,0.14
asia,Asia,1912,1995.575986,1321606266929,1.97
asia,Asia,1913,2034.260614,1352857322636,1.94
asia,Asia,1914,2067.710299,1380903295395,1.64
asia,Asia,1915,2074.931411,1391622617666,0.35
asia,Asia,1916,2134.778313,1437783641739,2.88
asia,Asia,1917,2143.826196,1449815316655,0.42
asia,Asia,1918,2069.413532,1405979426423,-3.47
asia,Asia,1919,2178.453201,1489045274755,5.27
asia,Asia,1920,2112.456763,1454819633019,-3.03
asia,Asia,1921,2178.588794,1513596884172,3.13
asia,Asia,1922,2210.002662,1550906391926,1.44
asia,Asia,1923,2182.865394,1549246618726,-1.23
asia,Asia,1924,2224.431066,1596744624907,1.9
asia,Asia,1925,2241.578018,1627489102995,0.77
asia,Asia,1926,2260.679233,1660254848956,0.85
asia,Asia,1927,2259.142245,1678308388033,-0.07
asia,Asia,1928,2283.855777,1716361199386,1.09
asia,Asia,1929,2319.064116,1763861298360,1.54
asia,Asia,1930,2283.013795,1758301321241,-1.55
asia,Asia,1931,2248.641907,1754489936281,-1.51
asia,Asia,1932,2274.154772,1798460755894,1.13
asia,Asia,1933,2212.987849,1774537568779,-2.69
asia,Asia,1934,2221.953049,1806640807379,0.41
asia,Asia,1935,2270.43417,1871900718962,2.18
asia,Asia,1936,2356.532987,1970120306254,3.79
asia,Asia,1937,2356.113423,1997423053358,-0.02
asia,Asia,1938,2336.612016,2008738732594,-0.83
asia,Asia,1939,2374.786833,2067134930350,1.63
asia,Asia,1940,2396.155256,2108874811319,0.9
asia,Asia,1941,2398.85292,2131753812598,0.11
asia,Asia,1942,2329.165586,2086908171868,-2.91
asia,Asia,1943,2305.990713,2079674526233,-0.99
asia,Asia,1944,2227.25128,2021116026713,-3.41
asia,Asia,1945,1888.743379,1724729765902,-15.2
asia,Asia,1946,1841.882087,1693089516153,-2.48
asia,Asia,1947,1868.628915,1730298083464,1.45
asia,Asia,1948,1929.413625,1800665260529,3.25
asia,Asia,1949,1957.098538,1846351582692,1.43
asia,Asia,1950,1980.709965,1893622632363,1.21
asia,Asia,1951,2101.235231,2050995852272,6.08
asia,Asia,1952,2204.5753,2197892447600,4.92
asia,Asia,1953,2333.175024,2376315266932,5.83
asia,Asia,1954,2328.328563,2423288444117,-0.21
asia,Asia,1955,2402.643523,2556573806230,3.19
asia,Asia,1956,2500.971801,2721416608613,4.09
asia,Asia,1957,2534.567737,2820104499258,1.34
asia,Asia,1958,2577.239273,2932745815771,1.68
asia,Asia,1959,2610.928142,3040016603099,1.31
asia,Asia,1960,2690.297725,3205488614843,3.04
asia,Asia,1961,2689.573472,3280162596533,-0.03
asia,Asia,1962,2781.9107,3473093705663,3.43
asia,Asia,1963,2914.572741,3724833820019,4.77
asia,Asia,1964,3117.558102,4078748886171,6.96
asia,Asia,1965,3214.707897,4303073208326,3.12
asia,Asia,1966,3325.966007,4551775081923,3.46
asia,Asia,1967,3447.132714,4824124762073,3.64
asia,Asia,1968,3610.278396,5166971250534,4.73
asia,Asia,1969,3867.862865,5659792163783,7.13
asia,Asia,1970,4079.119265,6104048417891,5.46
asia,Asia,1971,4202.682795,6431248529064,3.03
asia,Asia,1972,4324.421305,6767293303891,2.9
asia,Asia,1973,4554.007326,7289413172567,5.31
asia,Asia,1974,4557.824895,7463511372830,0.08
asia,Asia,1975,4625.11772,7748889792334,1.48
asia,Asia,1976,4739.285356,8122973789717,2.47
asia,Asia,1977,4860.014988,8521258114545,2.55
asia,Asia,1978,4994.547774,8956376081716,2.77
asia,Asia,1979,5080.966222,9318356186048,1.73
asia,Asia,1980,5118.407349,9603179003811,0.74
asia,Asia,1981,5184.895896,9956677144597,1.3
asia,Asia,1982,5250.052215,10317133752783,1.26
asia,Asia,1983,5372.0968,10795716059033,2.32
asia,Asia,1984,5523.322677,11347291538237,2.82
asia,Asia,1985,5653.665985,11872959660834,2.36
asia,Asia,1986,5755.816494,12353591090898,1.81
asia,Asia,1987,5956.909703,13063520468204,3.49
asia,Asia,1988,6230.561567,13957376960977,4.59
asia,Asia,1989,6395.710319,14630699050720,2.65
asia,Asia,1990,6592.572268,15393846316530,3.08
asia,Asia,1991,6723.754935,16021195091255,1.99
asia,Asia,1992,6938.612165,16861207006579,3.2
asia,Asia,1993,7129.055108,17650161701729,2.74
asia,Asia,1994,7373.551183,18583854056228,3.43
asia,Asia,1995,7679.982283,19703658418938,4.16
asia,Asia,1996,8003.573255,20907660477111,4.21
asia,Asia,1997,8189.182119,21775942198869,2.32
asia,Asia,1998,8150.584972,22053938373821,-0.47
asia,Asia,1999,8369.440573,23035340864835,2.69
asia,Asia,2000,8700.549449,24353219070330,3.96
asia,Asia,2001,8883.533706,25284844540873,2.1
asia,Asia,2002,9137.812338,26433545489650,2.86
asia,Asia,2003,9514.35366,27965041293322,4.12
asia,Asia,2004,10025.63283,29944910981955,5.37
asia,Asia,2005,10519.79944,31919073685694,4.93
asia,Asia,2006,11085.41874,34171131810553,5.38
asia,Asia,2007,11739.3075,36768950611481,5.9
asia,Asia,2008,12089.63398,38454207785498,2.98
asia,Asia,2009,12355.56285,39895056642305,2.2
asia,Asia,2010,13106.27882,42952125663082,6.08
asia,Asia,2011,13686.12001,45511065101348,4.42
asia,Asia,2012,14219.17021,47955810431349,3.89
asia,Asia,2013,14793.81649,50572614822940,4.04
asia,Asia,2014,15391.11868,53312515398232,4.04
asia,Asia,2015,16003.63453,56163578119156,3.98
asia,Asia,2016,16686.57087,59316780959977,4.27
asia,Asia,2017,17329.30561,62380578775441,3.85
asia,Asia,2018,17967.24466,65477022664325,3.68
asia,Asia,2019,18451.374,68042249215162,2.69
asia,Asia,2020,18015.10543,67180303580408,-2.36
asia,Asia,2021,19015.86358,71637927417685,5.56
asia,Asia,2022,19615.61542,74603627756127,3.15
asia,Asia,2023,20282.87877,77917283117935,3.4
asia,Asia,2024,20921.21725,81231212285801,3.15
asia,Asia,2025,21573.48903,84663676430604,3.12
asia,Asia,2026,22211.59184,88072327714440,2.96
asia,Asia,2027,22918.47179,91783401163890,3.18
asia,Asia,2028,23721.09496,95927433134824,3.5
asia,Asia,2029,24607.96758,100466744402005,3.74
asia,Asia,2030,24648.31192,101575123415136,0.16
asia,Asia,2031,24935.40454,103701884043499,1.16
asia,Asia,2032,25224.46418,105846484494668,1.16
asia,Asia,2033,25515.64909,108007824040233,1.15
asia,Asia,2034,25808.63252,110185134702488,1.15
asia,Asia,2035,26103.26034,112377060732539,1.14
asia,Asia,2036,26400.02275,114583221116058,1.14
asia,Asia,2037,26699.50985,116804307660415,1.13
asia,Asia,2038,27001.38755,119038386731259,1.13
asia,Asia,2039,27305.49595,121284021092624,1.13
asia,Asia,2040,27611.5894,123538901552292,1.12
asia,Asia,2041,27919.51674,125800440847942,1.12
asia,Asia,2042,28229.38162,128068170797579,1.11
asia,Asia,2043,28541.28249,130341776845797,1.1
asia,Asia,2044,28854.95196,132618600788167,1.1
asia,Asia,2045,29169.57159,134893947913398,1.09
asia,Asia,2046,29484.57895,137163771343332,1.08
asia,Asia,2047,29799.23976,139424115856003,1.07
asia,Asia,2048,30113.45359,141673229122015,1.05
asia,Asia,2049,30426.77149,143907729075692,1.04
asia,Asia,2050,30738.5254,146125012021497,1.02
asia,Asia,2051,31048.12942,148322478354672,1.01
asia,Asia,2052,31355.15922,150495670457625,0.99
asia,Asia,2053,31660.40105,152646742239904,0.97
asia,Asia,2054,31963.64441,154774531072784,0.96
asia,Asia,2055,32264.40348,156877323773866,0.94
asia,Asia,2056,32562.66338,158956368205322,0.92
asia,Asia,2057,32859.30158,161012459874281,0.91
asia,Asia,2058,33154.70456,163046525831105,0.9
asia,Asia,2059,33448.53005,165058912188717,0.89
asia,Asia,2060,33741.74878,167052661885339,0.88
asia,Asia,2061,34034.97742,169030151763637,0.87
asia,Asia,2062,34328.98598,170993400183016,0.86
asia,Asia,2063,34624.9576,172945991886100,0.86
asia,Asia,2064,34922.19392,174886250098630,0.86
asia,Asia,2065,35220.40379,176813276997880,0.85
asia,Asia,2066,35520.69363,178731159046142,0.85
asia,Asia,2067,35822.58966,180637908734116,0.85
asia,Asia,2068,36126.19813,182532124065335,0.85
asia,Asia,2069,36432.09072,184414604023428,0.85
asia,Asia,2070,36739.74362,186282851119405,0.84
asia,Asia,2071,37048.72099,188135460823417,0.84
asia,Asia,2072,37358.49044,189969270975139,0.84
asia,Asia,2073,37669.03373,191782194693840,0.83
asia,Asia,2074,37979.8959,193574125816950,0.83
asia,Asia,2075,38289.87457,195341474547510,0.82
asia,Asia,2076,38599.22714,197083106340897,0.81
asia,Asia,2077,38908.04781,198797164644934,0.8
asia,Asia,2078,39216.15794,200481613177279,0.79
asia,Asia,2079,39523.51629,202135656395822,0.78
asia,Asia,2080,39829.28541,203758305730478,0.77
asia,Asia,2081,40133.47581,205351798097114,0.76
asia,Asia,2082,40436.35215,206917630142943,0.75
asia,Asia,2083,40738.55644,208455248497971,0.75
asia,Asia,2084,41040.40234,209963856508152,0.74
asia,Asia,2085,41341.46938,211446045019635,0.73
asia,Asia,2086,41641.97123,212904364737485,0.73
asia,Asia,2087,41942.53653,214339771998094,0.72
asia,Asia,2088,42243.52333,215753727646894,0.72
asia,Asia,2089,42544.36085,217144982010277,0.71
asia,Asia,2090,42845.19122,218512961784291,0.71
asia,Asia,2091,43146.43114,219860783049935,0.7
asia,Asia,2092,43447.62444,221187911694326,0.7
asia,Asia,2093,43748.19182,222489936811867,0.69
asia,Asia,2094,44047.23695,223764139566190,0.68
asia,Asia,2095,44345.11342,225011776856140,0.68
asia,Asia,2096,44641.66806,226233018642248,0.67
asia,Asia,2097,44936.65984,227426148904931,0.66
asia,Asia,2098,45230.14366,228589631548110,0.65
asia,Asia,2099,45521.93935,229724405260014,0.65
asia,Asia,2100,45811.50122,230830676268763,0.64
europe,Europe,1800,5473.46362,372307770506,
europe,Europe,1801,5441.194692,370812983672,-0.59
europe,Europe,1802,5473.331111,373740372336,0.59
europe,Europe,1803,5532.092528,378531981809,1.07
europe,Europe,1804,5688.940594,390101033147,2.84
europe,Europe,1805,5666.925227,389460977630,-0.39
europe,Europe,1806,5675.592096,390964381799,0.15
europe,Europe,1807,5689.74243,392886990497,0.25
europe,Europe,1808,5747.882921,397898356263,1.02
europe,Europe,1809,5752.103684,399228115384,0.07
europe,Europe,1810,5778.495165,402461607844,0.46
europe,Europe,1811,5700.261332,398387975467,-1.35
europe,Europe,1812,5608.518503,393448857348,-1.61
europe,Europe,1813,5802.38977,408692443308,3.46
europe,Europe,1814,5953.984193,421077973735,2.61
europe,Europe,1815,6022.854722,427698753887,1.16
europe,Europe,1816,5884.911823,419635236735,-2.29
europe,Europe,1817,5834.144588,417754693335,-0.86
europe,Europe,1818,6039.93293,434314357126,3.53
europe,Europe,1819,6139.233694,443531989440,1.64
europe,Europe,1820,6379.025647,463249116440,3.91
europe,Europe,1821,6506.893623,475219282865,2
europe,Europe,1822,6503.093122,477870810811,-0.06
europe,Europe,1823,6573.986848,486294143529,1.09
europe,Europe,1824,6717.357452,500227959759,2.18
europe,Europe,1825,6681.489303,500937364325,-0.53
europe,Europe,1826,6675.641808,504245238155,-0.09
europe,Europe,1827,6739.350191,512893326548,0.95
europe,Europe,1828,6724.787394,515667672202,-0.22
europe,Europe,1829,6787.398662,524350621553,0.93
europe,Europe,1830,6807.294322,529740955243,0.29
europe,Europe,1831,6833.702795,535344097021,0.39
europe,Europe,1832,6960.964604,548873841067,1.86
europe,Europe,1833,6992.123717,554849181707,0.45
europe,Europe,1834,7049.374046,562975143313,0.82
europe,Europe,1835,7206.376355,579213443558,2.23
europe,Europe,1836,7233.885325,585176190619,0.38
europe,Europe,1837,7254.38291,590635040888,0.28
europe,Europe,1838,7333.798563,600982658797,1.09
europe,Europe,1839,7280.712151,600596560637,-0.72
europe,Europe,1840,7440.456028,617940937078,2.19
europe,Europe,1841,7450.78982,623121272741,0.14
europe,Europe,1842,7356.757969,619646018087,-1.26
europe,Europe,1843,7405.402008,628286243865,0.66
europe,Europe,1844,7567.348747,646726078461,2.19
europe,Europe,1845,7580.62484,652628015341,0.18
europe,Europe,1846,7510.659906,651387651768,-0.92
europe,Europe,1847,7565.701234,661040782985,0.73
europe,Europe,1848,7584.35974,667625492071,0.25
europe,Europe,1849,7679.995936,681242511787,1.26
europe,Europe,1850,7702.624245,688650732770,0.29
europe,Europe,1851,7749.511274,698556708707,0.61
europe,Europe,1852,7931.22802,720986998302,2.34
europe,Europe,1853,7901.44073,724525191505,-0.38
europe,Europe,1854,8048.847337,744501121913,1.87
europe,Europe,1855,7984.30668,745038930549,-0.8
europe,Europe,1856,8167.7679,768921960355,2.3
europe,Europe,1857,8290.093677,787415472426,1.5
europe,Europe,1858,8308.730809,796296821111,0.22
europe,Europe,1859,8273.674176,800020318249,-0.42
europe,Europe,1860,8451.888941,824485493469,2.15
europe,Europe,1861,8310.469278,817743437129,-1.67
europe,Europe,1862,8385.717195,832246096282,0.91
europe,Europe,1863,8664.637305,867234493333,3.33
europe,Europe,1864,8717.083246,879924559141,0.61
europe,Europe,1865,8707.024037,886432583026,-0.12
europe,Europe,1866,8722.057032,895592285586,0.17
europe,Europe,1867,8643.770327,895207926609,-0.9
europe,Europe,1868,8875.513706,927165939119,2.68
europe,Europe,1869,8936.269122,941674228632,0.68
europe,Europe,1870,8970.518745,953631959282,0.38
europe,Europe,1871,8988.10915,964090617044,0.2
europe,Europe,1872,9184.227784,994055527914,2.18
europe,Europe,1873,9219.406842,1007000185580,0.38
europe,Europe,1874,9475.671645,1044513869710,2.78
europe,Europe,1875,9567.194222,1064351945357,0.97
europe,Europe,1876,9430.074342,1058840950778,-1.43
europe,Europe,1877,9505.84004,1077310682780,0.8
europe,Europe,1878,9532.786611,1090498176829,0.28
europe,Europe,1879,9345.547002,1079167087097,-1.96
europe,Europe,1880,9598.779273,1118929834271,2.71
europe,Europe,1881,9724.177506,1144347860219,1.31
europe,Europe,1882,9897.44504,1175899361895,1.78
europe,Europe,1883,10004.38061,1200058829301,1.08
europe,Europe,1884,9983.468306,1209142213026,-0.21
europe,Europe,1885,9981.954677,1220713331093,-0.02
europe,Europe,1886,10004.44076,1235413884738,0.23
europe,Europe,1887,10296.8378,1283999446416,2.92
europe,Europe,1888,10426.17747,1312947332928,1.26
europe,Europe,1889,10466.54069,1330742757247,0.39
europe,Europe,1890,10511.65092,1349083453869,0.43
europe,Europe,1891,10414.655,1349049119762,-0.92
europe,Europe,1892,10563.45358,1380743154217,1.43
europe,Europe,1893,10794.16012,1423408052269,2.18
europe,Europe,1894,11224.89639,1493392464927,3.99
europe,Europe,1895,11262.81957,1511845820972,0.34
europe,Europe,1896,11563.9603,1566223430703,2.67
europe,Europe,1897,11594.22334,1584503790934,0.26
europe,Europe,1898,11917.95673,1643523477209,2.79
europe,Europe,1899,12199.30713,1697917462296,2.36
europe,Europe,1900,12256.2663,1721997999855,0.47
europe,Europe,1901,12198.57552,1730533532571,-0.47
europe,Europe,1902,12382.94655,1774083775223,1.51
europe,Europe,1903,12369.14791,1790011691476,-0.11
europe,Europe,1904,12553.54739,1835156293029,1.49
europe,Europe,1905,12563.23622,1855340069157,0.08
europe,Europe,1906,12679.40588,1891728013822,0.92
europe,Europe,1907,12778.97742,1926304947031,0.79
europe,Europe,1908,12782.94749,1946938084809,0.03
europe,Europe,1909,12986.14158,1997320662757,1.59
europe,Europe,1910,13115.96705,2036086236135,1
europe,Europe,1911,13295.40558,2082062148653,1.37
europe,Europe,1912,13580.71369,2144542043123,2.15
europe,Europe,1913,13811.61866,2198610278350,1.7
europe,Europe,1914,12905.84674,2071655436392,-6.56
europe,Europe,1915,12793.33732,2070760922426,-0.87
europe,Europe,1916,12791.85838,2087701731869,-0.01
europe,Europe,1917,12112.94125,1993673723997,-5.31
europe,Europe,1918,11136.00432,1848782276504,-8.07
europe,Europe,1919,10506.56928,1759768980391,-5.65
europe,Europe,1920,10740.7749,1816159185468,2.23
europe,Europe,1921,10736.19874,1832155955835,-0.04
europe,Europe,1922,11586.9119,1996425777489,7.92
europe,Europe,1923,11586.02666,2015190567333,-0.01
europe,Europe,1924,12469.546,2190042874131,7.63
europe,Europe,1925,13253.77925,2351103792173,6.29
europe,Europe,1926,13460.73202,2412050377840,1.56
europe,Europe,1927,13967.78839,2528659493876,3.77
europe,Europe,1928,14412.70188,2636908330774,3.19
europe,Europe,1929,14721.96446,2722117507433,2.15
europe,Europe,1930,14412.35864,2693039909406,-2.1
europe,Europe,1931,13711.12077,2589064628773,-4.87
europe,Europe,1932,13176.61073,2513967668885,-3.9
europe,Europe,1933,13441.60701,2590679027611,2.01
europe,Europe,1934,13867.62674,2699893185979,3.17
europe,Europe,1935,14386.05678,2829240300915,3.74
europe,Europe,1936,14824.99525,2946536742342,3.05
europe,Europe,1937,15546.22884,3123679446236,4.86
europe,Europe,1938,15826.43468,3215746325211,1.8
europe,Europe,1939,16340.61927,3359552134955,3.25
europe,Europe,1940,15867.97079,3295961396137,-2.89
europe,Europe,1941,15805.70535,3313727137580,-0.39
europe,Europe,1942,15530.74938,3285534613891,-1.74
europe,Europe,1943,15248.95522,3256732770255,-1.81
europe,Europe,1944,14673.49119,3165884917549,-3.77
europe,Europe,1945,13354.31188,2904863732337,-8.99
europe,Europe,1946,12927.93203,2827122580736,-3.19
europe,Europe,1947,13722.72106,3023868155145,6.15
europe,Europe,1948,14873.15475,3315983208562,8.38
europe,Europe,1949,15846.94149,3578437602104,6.55
europe,Europe,1950,16733.3476,3832241264764,5.59
europe,Europe,1951,17376.36942,4043956823984,3.84
europe,Europe,1952,17814.62501,4217558189930,2.52
europe,Europe,1953,18461.59165,4451478917653,3.63
europe,Europe,1954,19109.6881,4696369028707,3.51
europe,Europe,1955,20074.72392,5031732842223,5.05
europe,Europe,1956,20791.72276,5315020440621,3.57
europe,Europe,1957,21391.3918,5577291163004,2.88
europe,Europe,1958,21837.24385,5807369310119,2.08
europe,Europe,1959,22333.49995,6056227196184,2.27
europe,Europe,1960,23429.24121,6474341463415,4.91
europe,Europe,1961,24477.8192,6884265924592,4.48
europe,Europe,1962,25366.79854,7254584684956,3.63
europe,Europe,1963,26189.33324,7615969199964,3.24
europe,Europe,1964,27294.24429,8091225079615,4.22
europe,Europe,1965,28211.07882,8530295817602,3.36
europe,Europe,1966,29194.00078,8987704637453,3.48
europe,Europe,1967,30065.70192,9409383840091,2.99
europe,Europe,1968,31340.04666,9979598960819,4.24
europe,Europe,1969,32412.44094,10524765504131,3.42
europe,Europe,1970,33645.96261,11140020724328,3.81
europe,Europe,1971,34557.00518,11662309234446,2.71
europe,Europe,1972,35579.55869,12230966894643,2.96
europe,Europe,1973,37233.58055,13032411185634,4.65
europe,Europe,1974,37952.61997,13524445729708,1.93
europe,Europe,1975,37856.85096,13740362109915,-0.25
europe,Europe,1976,38902.26166,14387944873099,2.76
europe,Europe,1977,39581.78858,14911863445864,1.75
europe,Europe,1978,40248.79565,15437088688400,1.69
europe,Europe,1979,40980.76696,15990024124756,1.82
europe,Europe,1980,41307.59373,16374779128200,0.8
europe,Europe,1981,41161.99763,16550465689747,-0.35
europe,Europe,1982,41189.92375,16813188853059,0.07
europe,Europe,1983,41580.57575,17266671922321,0.95
europe,Europe,1984,42001.36978,17759045212855,1.01
europe,Europe,1985,42391.66294,18240250012412,0.93
europe,Europe,1986,43121.28588,18865352960923,1.72
europe,Europe,1987,43706.57899,19442162085987,1.36
europe,Europe,1988,44633.67554,20187241341340,2.12
europe,Europe,1989,45354.24284,20865024488003,1.61
europe,Europe,1990,45099.55915,21094472634118,-0.56
europe,Europe,1991,44290.28468,21055704224405,-1.79
europe,Europe,1992,42652.56234,20657140007945,-3.7
europe,Europe,1993,41260.15717,20394847869804,-3.26
europe,Europe,1994,40532.25307,20416474362268,-1.76
europe,Europe,1995,40789.17622,20892687707519,0.63
europe,Europe,1996,40929.24441,21306572659253,0.34
europe,Europe,1997,41683.65267,22049208004909,1.84
europe,Europe,1998,42071.977,22612103923107,0.93
europe,Europe,1999,42805.35633,23375650534153,1.74
europe,Europe,2000,44442.41697,24633828153828,3.82
europe,Europe,2001,45118.21927,25373599085028,1.52
europe,Europe,2002,45577.48105,26038511227308,1.02
europe,Europe,2003,46213.06681,26824687586334,1.39
europe,Europe,2004,47520.5312,27995647750297,2.83
europe,Europe,2005,48514.01321,29007641897352,2.09
europe,Europe,2006,50169.07705,30428679354403,3.41
europe,Europe,2007,51823.5109,31865339522915,3.3
europe,Europe,2008,52038.09589,32500819549464,0.41
europe,Europe,2009,48788.79716,30980549502300,-6.24
europe,Europe,2010,49523.83351,31955937202417,1.51
europe,Europe,2011,50184.48566,32904329626090,1.33
europe,Europe,2012,49662.75298,33106761471903,-1.04
europe,Europe,2013,49241.01817,33384375466807,-0.85
europe,Europe,2014,49136.32088,33853989183910,-0.21
europe,Europe,2015,49160.29605,34394645701279,0.05
europe,Europe,2016,49342.53035,35024484777964,0.37
europe,Europe,2017,50170.28143,36097557722550,1.68
europe,Europe,2018,50663.87424,36956731245015,0.98
europe,Europe,2019,50920.37056,37677238940461,0.51
europe,Europe,2020,47725.19935,35800693239484,-6.27
europe,Europe,2021,50236.37707,38155140767312,5.26
europe,Europe,2022,50786.19029,39076739162883,1.09
europe,Europe,2023,50701.99105,39542445703912,-0.17
europe,Europe,2024,50255.54803,39670229385604,-0.88
europe,Europe,2025,50099.93088,39991036013463,-0.31
europe,Europe,2026,49984.2627,40344330685732,-0.23
europe,Europe,2027,50205.27802,40982366218761,0.44
europe,Europe,2028,50595.86035,41766824581043,0.78
europe,Europe,2029,51166.67742,42710323289835,1.13
europe,Europe,2030,50097.04462,42280061036061,-2.09
europe,Europe,2031,50045.5006,42698056013849,-0.1
europe,Europe,2032,49988.80874,43109646167431,-0.11
europe,Europe,2033,49929.7252,43517351897149,-0.12
europe,Europe,2034,49869.13195,43920077382157,-0.12
europe,Europe,2035,49807.65704,44317293559232,-0.12
europe,Europe,2036,49741.77401,44708549541065,-0.13
europe,Europe,2037,49671.10283,45094210172593,-0.14
europe,Europe,2038,49599.89673,45474764434518,-0.14
europe,Europe,2039,49524.93921,45849127897872,-0.15
europe,Europe,2040,49446.32559,46218193693426,-0.16
europe,Europe,2041,49371.02786,46583501511776,-0.15
europe,Europe,2042,49299.18701,46943913077046,-0.15
europe,Europe,2043,49224.32683,47296557177979,-0.15
europe,Europe,2044,49145.72092,47640568538847,-0.16
europe,Europe,2045,49067.19798,47976778274246,-0.16
europe,Europe,2046,48986.52824,48305150126121,-0.16
europe,Europe,2047,48903.80324,48623813612422,-0.17
europe,Europe,2048,48817.33161,48930810771696,-0.18
europe,Europe,2049,48723.63766,49225355672447,-0.19
europe,Europe,2050,48629.1016,49507464891416,-0.19
europe,Europe,2051,48536.53552,49777852227425,-0.19
europe,Europe,2052,48440.10064,50036393879680,-0.2
europe,Europe,2053,48335.35062,50280123982740,-0.22
europe,Europe,2054,48224.18871,50508963584752,-0.23
europe,Europe,2055,48109.65457,50724697371978,-0.24
europe,Europe,2056,47991.86732,50927596075499,-0.24
europe,Europe,2057,47872.62466,51120131558902,-0.25
europe,Europe,2058,47753.53872,51302982988452,-0.25
europe,Europe,2059,47636.52012,51475729107379,-0.25
europe,Europe,2060,47521.08832,51640461418165,-0.24
europe,Europe,2061,47406.74821,51798481297801,-0.24
europe,Europe,2062,47291.31654,51949212200394,-0.24
europe,Europe,2063,47173.99156,52093839028673,-0.25
europe,Europe,2064,47056.73437,52232797840414,-0.25
europe,Europe,2065,46940.62443,52366283399382,-0.25
europe,Europe,2066,46828.88387,52496007684116,-0.24
europe,Europe,2067,46724.26103,52623627584608,-0.22
europe,Europe,2068,46621.70087,52747825135269,-0.22
europe,Europe,2069,46520.47781,52867557212880,-0.22
europe,Europe,2070,46422.84419,52983594289031,-0.21
europe,Europe,2071,46329.2806,53096223810541,-0.2
europe,Europe,2072,46240.99101,53206308391380,-0.19
europe,Europe,2073,46153.4399,53313185550646,-0.19
europe,Europe,2074,46069.21702,53415708558489,-0.18
europe,Europe,2075,45995.27545,53517158310217,-0.16
europe,Europe,2076,45928.59668,53617933815598,-0.14
europe,Europe,2077,45863.52171,53714325386420,-0.14
europe,Europe,2078,45801.65045,53807355235580,-0.13
europe,Europe,2079,45740.97361,53898136169463,-0.13
europe,Europe,2080,45683.42619,53986345365431,-0.13
europe,Europe,2081,45635.4658,54073315885692,-0.1
europe,Europe,2082,45593.28411,54157205802228,-0.09
europe,Europe,2083,45553.70622,54237064504582,-0.09
europe,Europe,2084,45515.64709,54313627410914,-0.08
europe,Europe,2085,45478.77932,54385302351627,-0.08
europe,Europe,2086,45446.16761,54452454508134,-0.07
europe,Europe,2087,45416.94146,54517476323986,-0.06
europe,Europe,2088,45390.12233,54580281873044,-0.06
europe,Europe,2089,45364.98892,54638389631714,-0.06
europe,Europe,2090,45338.75388,54690777053673,-0.06
europe,Europe,2091,45315.20011,54739995811409,-0.05
europe,Europe,2092,45294.48552,54786009092263,-0.05
europe,Europe,2093,45274.86582,54828015627586,-0.04
europe,Europe,2094,45259.52095,54867081435382,-0.03
europe,Europe,2095,45245.2844,54900386800530,-0.03
europe,Europe,2096,45229.00651,54925767013224,-0.04
europe,Europe,2097,45211.77663,54944744191728,-0.04
europe,Europe,2098,45194.45834,54959099655119,-0.04
europe,Europe,2099,45175.41566,54967243203087,-0.04
europe,Europe,2100,45156.18908,54967953255530,-0.04
americas,The Americas,1800,93.67304661,38377086479,
americas,The Americas,1801,94.94881196,39077050351,1.36
americas,The Americas,1802,96.15618278,39754708842,1.27
americas,The Americas,1803,95.99902883,39871403651,-0.16
americas,The Americas,1804,96.44802756,40241626361,0.47
americas,The Americas,1805,98.16306373,41145457308,1.78
americas,The Americas,1806,99.76281618,42008599512,1.63
americas,The Americas,1807,100.7972708,42640084502,1.04
americas,The Americas,1808,97.67415818,41510004351,-3.1
americas,The Americas,1809,100.5139551,42914820323,2.91
americas,The Americas,1810,102.5457994,44138589173,2.02
americas,The Americas,1811,104.0893622,45167765713,1.51
americas,The Americas,1812,104.3196673,45690457086,0.22
americas,The Americas,1813,106.1270872,46972023288,1.73
americas,The Americas,1814,108.472914,48521170799,2.21
americas,The Americas,1815,109.5032866,49508373842,0.95
americas,The Americas,1816,108.3967398,49539921025,-1.01
americas,The Americas,1817,109.5988589,50638430431,1.11
americas,The Americas,1818,111.2256403,51959303691,1.48
americas,The Americas,1819,112.4036549,53056658185,1.06
americas,The Americas,1820,113.4037394,54050636671,0.89
americas,The Americas,1821,115.6501244,55618917663,1.98
americas,The Americas,1822,119.3198876,57861943571,3.17
americas,The Americas,1823,120.4581794,58864342879,0.95
americas,The Americas,1824,124.2911257,61206611529,3.18
americas,The Americas,1825,128.1813413,63610923380,3.13
americas,The Americas,1826,130.844511,65436129724,2.08
americas,The Americas,1827,133.5769335,67321748738,2.09
americas,The Americas,1828,135.8792359,69015324396,1.72
americas,The Americas,1829,135.63109,69353891813,-0.18
americas,The Americas,1830,144.4385121,74279656384,6.49
americas,The Americas,1831,152.9141888,79007845458,5.87
americas,The Americas,1832,160.2862366,83122139005,4.82
americas,The Americas,1833,167.7851365,87244070821,4.68
americas,The Americas,1834,166.3944662,86755116874,-0.83
americas,The Americas,1835,174.3680825,91160990296,4.79
americas,The Americas,1836,179.8125329,94267083601,3.12
americas,The Americas,1837,180.0768794,94669176978,0.15
americas,The Americas,1838,182.6412461,96288123206,1.42
americas,The Americas,1839,192.4734684,101746237568,5.38
americas,The Americas,1840,190.7096502,101075368336,-0.92
americas,The Americas,1841,193.5488242,102835044392,1.49
americas,The Americas,1842,197.6157637,105245624807,2.1
americas,The Americas,1843,204.23718,109019514740,3.35
americas,The Americas,1844,216.8743116,116033286374,6.19
americas,The Americas,1845,225.2087857,120776746731,3.84
americas,The Americas,1846,231.8429961,124633386288,2.95
americas,The Americas,1847,242.421111,130638925366,4.56
americas,The Americas,1848,253.4733482,136935475392,4.56
americas,The Americas,1849,255.5267085,138203575326,0.81
americas,The Americas,1850,264.1317228,142832776680,3.37
americas,The Americas,1851,280.9285685,151654377910,6.36
americas,The Americas,1852,298.8231425,160826548670,6.37
americas,The Americas,1853,323.1992919,173193438665,8.16
americas,The Americas,1854,333.9599788,178203036766,3.33
americas,The Americas,1855,339.6473857,180489396503,1.7
americas,The Americas,1856,354.0394989,187379450735,4.24
americas,The Americas,1857,362.2573166,190976247415,2.32
americas,The Americas,1858,375.2191335,197054006816,3.58
americas,The Americas,1859,393.5041172,205995685974,4.87
americas,The Americas,1860,413.0255324,215656785953,4.96
americas,The Americas,1861,417.5340529,217581618761,1.09
americas,The Americas,1862,436.0618357,226927135714,4.44
americas,The Americas,1863,468.5685735,243657834717,7.45
americas,The Americas,1864,491.5851587,255450940735,4.91
americas,The Americas,1865,484.989424,251869629360,-1.34
americas,The Americas,1866,494.4400309,256640891392,1.95
americas,The Americas,1867,519.3444607,269445529156,5.04
americas,The Americas,1868,537.0317015,278518390018,3.41
americas,The Americas,1869,562.0254874,291706723569,4.65
americas,The Americas,1870,560.6307136,291540557211,-0.25
americas,The Americas,1871,582.9214403,304055606415,3.98
americas,The Americas,1872,601.5586235,315084996620,3.2
americas,The Americas,1873,625.832644,329527405485,4.04
americas,The Americas,1874,622.7902685,329666038242,-0.49
americas,The Americas,1875,644.6005508,343034542491,3.5
americas,The Americas,1876,648.3628443,346893400744,0.58
americas,The Americas,1877,664.374594,357386250032,2.47
americas,The Americas,1878,684.4529642,370196013190,3.02
americas,The Americas,1879,751.4699915,408705740140,9.79
americas,The Americas,1880,820.0715285,448548502992,9.13
americas,The Americas,1881,843.467008,464014916864,2.85
americas,The Americas,1882,890.3603537,492700941933,5.56
americas,The Americas,1883,906.4526102,504619448713,1.81
americas,The Americas,1884,923.8238466,517400484379,1.92
americas,The Americas,1885,924.5439503,520956954901,0.08
americas,The Americas,1886,947.3792726,537097343555,2.47
americas,The Americas,1887,979.461232,558714378106,3.39
americas,The Americas,1888,979.3429824,562121159889,-0.01
americas,The Americas,1889,1027.735328,593662244763,4.94
americas,The Americas,1890,1040.846334,605168677561,1.28
americas,The Americas,1891,1075.601948,629563892067,3.34
americas,The Americas,1892,1154.200232,680193538156,7.31
americas,The Americas,1893,1101.419817,653626936621,-4.57
americas,The Americas,1894,1077.388411,643852432194,-2.18
americas,The Americas,1895,1187.662395,714751954989,10.24
americas,The Americas,1896,1163.210311,704985622770,-2.06
americas,The Americas,1897,1243.235882,758833736211,6.88
americas,The Americas,1898,1267.933333,779420903425,1.99
americas,The Americas,1899,1360.65732,842478382225,7.31
americas,The Americas,1900,1381.259645,861531870941,1.51
americas,The Americas,1901,1511.874395,950056032667,9.46
americas,The Americas,1902,1516.293283,960075675822,0.29
americas,The Americas,1903,1581.151551,1008870817101,4.28
americas,The Americas,1904,1564.025574,1005675241576,-1.08
americas,The Americas,1905,1665.069094,1078971899375,6.46
americas,The Americas,1906,1825.840481,1192386813335,9.66
americas,The Americas,1907,1847.767234,1216158940725,1.2
americas,The Americas,1908,1716.569484,1138690188456,-7.1
americas,The Americas,1909,1874.952428,1253984227827,9.23
americas,The Americas,1910,1876.774726,1265976336101,0.1
americas,The Americas,1911,1909.707274,1299707102217,1.75
americas,The Americas,1912,1970.629654,1353628865636,3.19
americas,The Americas,1913,2000.117538,1387116572651,1.5
americas,The Americas,1914,1821.926744,1275724956244,-8.91
americas,The Americas,1915,1845.298996,1304570025432,1.28
americas,The Americas,1916,2043.620158,1458750792819,10.75
americas,The Americas,1917,1983.72347,1429717578157,-2.93
americas,The Americas,1918,2112.627838,1537727739309,6.5
americas,The Americas,1919,2118.911029,1556260725268,0.3
americas,The Americas,1920,2092.233808,1549257888636,-1.26
americas,The Americas,1921,2014.580839,1502706191191,-3.71
americas,The Americas,1922,2109.961078,1584072809355,4.73
americas,The Americas,1923,2333.383773,1761714966829,10.59
americas,The Americas,1924,2372.869499,1801699907144,1.69
americas,The Americas,1925,2410.274062,1840535146981,1.58
americas,The Americas,1926,2532.896242,1945244451174,5.09
americas,The Americas,1927,2551.286243,1970630237935,0.73
americas,The Americas,1928,2591.60043,2013322283805,1.58
americas,The Americas,1929,2704.130984,2113465309055,4.34
americas,The Americas,1930,2461.493805,1936018877792,-8.97
americas,The Americas,1931,2285.78447,1809714808170,-7.14
americas,The Americas,1932,1977.322144,1576294268268,-13.49
americas,The Americas,1933,1933.828504,1552680490200,-2.2
americas,The Americas,1934,2081.490505,1683265646728,7.64
americas,The Americas,1935,2295.807018,1869958488030,10.3
americas,The Americas,1936,2481.817208,2036045632874,8.1
americas,The Americas,1937,2641.659975,2182811089236,6.44
americas,The Americas,1938,2514.439782,2092711371790,-4.82
americas,The Americas,1939,2654.471072,2225415523540,5.57
americas,The Americas,1940,2836.400285,2395534866977,6.85
americas,The Americas,1941,3169.175719,2696604407887,11.73
americas,The Americas,1942,3449.830849,2957621875278,8.86
americas,The Americas,1943,3709.578567,3204667609181,7.53
americas,The Americas,1944,3948.883922,3437630509225,6.45
americas,The Americas,1945,3880.289071,3403985737294,-1.74
americas,The Americas,1946,3633.961564,3212569565003,-6.35
americas,The Americas,1947,3585.846197,3194640123229,-1.32
americas,The Americas,1948,3729.796048,3348750267136,4.01
americas,The Americas,1949,3662.126576,3320320029414,-1.81
americas,The Americas,1950,3910.578206,3587782914634,6.78
americas,The Americas,1951,4118.419788,3839434810811,5.31
americas,The Americas,1952,4198.518907,3983246958207,1.94
americas,The Americas,1953,4302.867467,4159329453751,2.49
americas,The Americas,1954,4243.428589,4179474188270,-1.38
americas,The Americas,1955,4454.927501,4473557273049,4.98
americas,The Americas,1956,4492.480297,4596561047040,0.84
americas,The Americas,1957,4530.249499,4725651685919,0.84
americas,The Americas,1958,4470.90894,4754030706396,-1.31
americas,The Americas,1959,4674.183182,5041316123682,4.55
americas,The Americas,1960,4814.693359,5237372857826,3.01
americas,The Americas,1961,4944.718029,5420165741732,2.7
americas,The Americas,1962,5159.005234,5742458679988,4.33
americas,The Americas,1963,5258.049673,5995378574811,1.92
americas,The Americas,1964,5462.831303,6381297010247,3.89
americas,The Americas,1965,5688.416879,6793709101204,4.13
americas,The Americas,1966,5925.752923,7233405596110,4.17
americas,The Americas,1967,5991.9393,7469455198822,1.12
americas,The Americas,1968,6185.089675,7878112494118,3.22
americas,The Americas,1969,6309.177755,8213921238988,2.01
americas,The Americas,1970,6305.794395,8388088270699,-0.05
americas,The Americas,1971,6450.56563,8758897425211,2.3
americas,The Americas,1972,6707.499149,9285835192914,3.98
americas,The Americas,1973,7020.680213,9904850933971,4.67
americas,The Americas,1974,7024.073417,10086381652378,0.05
americas,The Americas,1975,6986.919892,10194520100372,-0.53
americas,The Americas,1976,7270.021061,10764388707676,4.05
americas,The Americas,1977,7506.480732,11268848407668,3.25
americas,The Americas,1978,7801.80283,11870013938330,3.93
americas,The Americas,1979,8038.354676,12398320175145,3.03
americas,The Americas,1980,8094.661544,12663190880867,0.7
americas,The Americas,1981,8157.368182,12948508937890,0.77
americas,The Americas,1982,7921.377762,12767629101112,-2.89
americas,The Americas,1983,7998.693514,13084971830046,0.98
americas,The Americas,1984,8395.047325,13927872045312,4.96
americas,The Americas,1985,8608.646848,14491454271896,2.54
americas,The Americas,1986,8789.676447,15023001025432,2.1
americas,The Americas,1987,8963.342423,15565019664940,1.98
americas,The Americas,1988,9120.134247,16087796799883,1.75
americas,The Americas,1989,9263.703692,16593509597243,1.57
americas,The Americas,1990,9253.528117,16840800178663,-0.11
americas,The Americas,1991,9197.815031,16985635140248,-0.6
americas,The Americas,1992,9382.149352,17544775220076,2
americas,The Americas,1993,9582.202852,18130695828696,2.13
americas,The Americas,1994,9907.042126,18955125757307,3.39
americas,The Americas,1995,10023.91843,19384456995981,1.18
americas,The Americas,1996,10299.25887,20122324052272,2.75
americas,The Americas,1997,10684.73341,21085095322361,3.74
americas,The Americas,1998,11008.50981,21938571984869,3.03
americas,The Americas,1999,11297.17997,22732074331585,2.62
americas,The Americas,2000,11651.38445,23671560107306,3.14
americas,The Americas,2001,11659.6683,23912334751653,0.07
americas,The Americas,2002,11749.40126,24309737333803,0.77
americas,The Americas,2003,11987.68871,25016734086020,2.03
americas,The Americas,2004,12409.85301,26121831178733,3.52
americas,The Americas,2005,12773.77794,27123143617917,2.93
americas,The Americas,2006,13132.9276,28128069954137,2.81
americas,The Americas,2007,13438.18783,29029364551062,2.32
americas,The Americas,2008,13519.9137,29460950080978,0.61
americas,The Americas,2009,13094.64792,28790050373714,-3.15
americas,The Americas,2010,13521.59177,29996061398653,3.26
americas,The Americas,2011,13775.99328,30829213857212,1.88
americas,The Americas,2012,13995.13306,31603557442988,1.59
americas,The Americas,2013,14218.92894,32402839362481,1.6
americas,The Americas,2014,14421.32515,33157585221630,1.42
americas,The Americas,2015,14607.20136,33871111661601,1.29
americas,The Americas,2016,14665.34127,34290655937308,0.4
americas,The Americas,2017,14906.0898,35150597996402,1.64
americas,The Americas,2018,15199.1549,36115167837155,1.97
americas,The Americas,2019,15417.56147,36872271427396,1.44
americas,The Americas,2020,14713.74639,35366008691661,-4.57
americas,The Americas,2021,15572.6589,37566494763240,5.84
americas,The Americas,2022,15926.70777,38556346966363,2.27
americas,The Americas,2023,16239.37583,39442266161846,1.96
americas,The Americas,2024,16554.20327,40324144231696,1.94
americas,The Americas,2025,16832.43237,41127401974719,1.68
americas,The Americas,2026,17128.00809,41979946165106,1.76
americas,The Americas,2027,17472.59636,42952902789603,2.01
americas,The Americas,2028,17865.38346,44041754408995,2.25
americas,The Americas,2029,18316.44455,45273502396950,2.52
americas,The Americas,2030,18312.53009,45377179048461,-0.02
americas,The Americas,2031,18518.51041,45995851934434,1.12
americas,The Americas,2032,18726.38113,46614965329138,1.12
americas,The Americas,2033,18935.80921,47234123627101,1.12
americas,The Americas,2034,19147.17897,47854172671082,1.12
americas,The Americas,2035,19360.16153,48474030501677,1.11
americas,The Americas,2036,19574.21341,49092535365511,1.11
americas,The Americas,2037,19789.78062,49710730580360,1.1
americas,The Americas,2038,20006.67443,50328434953031,1.1
americas,The Americas,2039,20224.27767,50943037142028,1.09
americas,The Americas,2040,20442.56422,51553312762440,1.08
americas,The Americas,2041,20661.61088,52160226409634,1.07
americas,The Americas,2042,20881.97239,52764888878505,1.07
americas,The Americas,2043,21103.37007,53365529234986,1.06
americas,The Americas,2044,21325.23128,53959502525430,1.05
americas,The Americas,2045,21548.53863,54547965894518,1.05
americas,The Americas,2046,21773.68538,55130082901627,1.04
americas,The Americas,2047,22001.22577,55706549846718,1.05
americas,The Americas,2048,22231.5695,56277564335349,1.05
americas,The Americas,2049,22464.82314,56841914546791,1.05
americas,The Americas,2050,22701.77607,57401525284105,1.05
americas,The Americas,2051,22943.15334,57957268259995,1.06
americas,The Americas,2052,23188.9339,58507677828373,1.07
americas,The Americas,2053,23438.94696,59052568243078,1.08
americas,The Americas,2054,23692.59015,59590711576154,1.08
americas,The Americas,2055,23949.69333,60121619136275,1.09
americas,The Americas,2056,24211.32484,60648463742497,1.09
americas,The Americas,2057,24477.62189,61174252054594,1.1
americas,The Americas,2058,24748.3764,61700148781975,1.11
americas,The Americas,2059,25022.41929,62222444284736,1.11
americas,The Americas,2060,25298.04419,62737930174187,1.1
americas,The Americas,2061,25575.57117,63250041102484,1.1
americas,The Americas,2062,25854.93945,63760202147064,1.09
americas,The Americas,2063,26134.76819,64266051165739,1.08
americas,The Americas,2064,26414.17971,64765746143044,1.07
americas,The Americas,2065,26693.30392,65259930001960,1.06
americas,The Americas,2066,26971.96279,65750581494897,1.04
americas,The Americas,2067,27250.24005,66237896390583,1.03
americas,The Americas,2068,27527.51961,66718938558711,1.02
americas,The Americas,2069,27803.11956,67193006297599,1
americas,The Americas,2070,28076.65877,67658915952361,0.98
americas,The Americas,2071,28348.21534,68116849502690,0.97
americas,The Americas,2072,28617.85997,68565798224994,0.95
americas,The Americas,2073,28885.86751,69003738446361,0.94
americas,The Americas,2074,29152.80823,69431949820973,0.92
americas,The Americas,2075,29419.5403,69852934018068,0.91
americas,The Americas,2076,29686.35584,70265740553390,0.91
americas,The Americas,2077,29951.69978,70665395516481,0.89
americas,The Americas,2078,30215.97559,71053933041741,0.88
americas,The Americas,2079,30480.10884,71430962033782,0.87
americas,The Americas,2080,30743.68573,71795292818861,0.86
americas,The Americas,2081,31008.08115,72153768507312,0.86
americas,The Americas,2082,31272.44403,72503964927004,0.85
americas,The Americas,2083,31534.94859,72841885878535,0.84
americas,The Americas,2084,31796.21777,73170496863441,0.83
americas,The Americas,2085,32055.05209,73486578125011,0.81
americas,The Americas,2086,32312.15054,73793595612656,0.8
americas,The Americas,2087,32568.29553,74094886185067,0.79
americas,The Americas,2088,32823.89109,74391591797131,0.78
americas,The Americas,2089,33077.95375,74681462036272,0.77
americas,The Americas,2090,33328.78274,74959951530108,0.76
americas,The Americas,2091,33578.11071,75231603189067,0.75
americas,The Americas,2092,33826.64789,75497727292111,0.74
americas,The Americas,2093,34073.78005,75755739373773,0.73
americas,The Americas,2094,34320.27656,76006415828129,0.72
americas,The Americas,2095,34565.96459,76249683064070,0.72
americas,The Americas,2096,34809.99354,76483027669262,0.71
americas,The Americas,2097,35053.30779,76708779078663,0.7
americas,The Americas,2098,35295.98944,76926488115498,0.69
americas,The Americas,2099,35538.11385,77135023715702,0.69
americas,The Americas,2100,35778.99004,77334119557652,0.68