geo,name,time,Population
africa,africa,1800,81209567
africa,africa,1801,81313551
africa,africa,1802,81418900
africa,africa,1803,81525621
africa,africa,1804,81633731
africa,africa,1805,81743247
africa,africa,1806,81854174
africa,africa,1807,81966528
africa,africa,1808,82080332
africa,africa,1809,82195596
africa,africa,1810,82313562
africa,africa,1811,82440934
africa,africa,1812,82579573
africa,africa,1813,82729616
africa,africa,1814,82891459
africa,africa,1815,83065241
africa,africa,1816,83251124
africa,africa,1817,83449261
africa,africa,1818,83659804
africa,africa,1819,83954434
africa,africa,1820,84334648
africa,africa,1821,84811641
africa,africa,1822,85376766
africa,africa,1823,86056105
africa,africa,1824,86755919
africa,africa,1825,87476538
africa,africa,1826,88218276
africa,africa,1827,88981474
africa,africa,1828,89766472
africa,africa,1829,90573904
africa,africa,1830,91404143
africa,africa,1831,92257560
africa,africa,1832,93125349
africa,africa,1833,94007792
africa,africa,1834,94904834
africa,africa,1835,95816766
africa,africa,1836,96743850
africa,africa,1837,97686357
africa,africa,1838,98644581
africa,africa,1839,99638115
africa,africa,1840,100667803
africa,africa,1841,101734515
africa,africa,1842,102839146
africa,africa,1843,103982621
africa,africa,1844,105146559
africa,africa,1845,106331394
africa,africa,1846,107537534
africa,africa,1847,108765412
africa,africa,1848,110015469
africa,africa,1849,111156406
africa,africa,1850,112185299
africa,africa,1851,112844408
africa,africa,1852,113381827
africa,africa,1853,113796891
africa,africa,1854,114215703
africa,africa,1855,114638336
africa,africa,1856,115064861
africa,africa,1857,115495350
africa,africa,1858,115929881
africa,africa,1859,116377176
africa,africa,1860,116837215
africa,africa,1861,117309942
africa,africa,1862,117795314
africa,africa,1863,118293268
africa,africa,1864,118795080
africa,africa,1865,119300776
africa,africa,1866,119810390
africa,africa,1867,120323949
africa,africa,1868,120841486
africa,africa,1869,121375304
africa,africa,1870,121925601
africa,africa,1871,122490915
africa,africa,1872,123074784
africa,africa,1873,123675762
africa,africa,1874,124281732
africa,africa,1875,124892750
africa,africa,1876,125508840
africa,africa,1877,126130056
africa,africa,1878,126756437
africa,africa,1879,127398196
africa,africa,1880,128055453
africa,africa,1881,128728318
africa,africa,1882,129416926
africa,africa,1883,130121386
africa,africa,1884,130831669
africa,africa,1885,131547826
africa,africa,1886,132269923
africa,africa,1887,132998010
africa,africa,1888,133732140
africa,africa,1889,134383367
africa,africa,1890,134951857
africa,africa,1891,135437756
africa,africa,1892,135841234
africa,africa,1893,136162436
africa,africa,1894,136490489
africa,africa,1895,136825445
africa,africa,1896,137167343
africa,africa,1897,137516247
africa,africa,1898,137872191
africa,africa,1899,138255274
africa,africa,1900,138666883
africa,africa,1901,139108428
africa,africa,1902,139581337
africa,africa,1903,140087052
africa,africa,1904,140606811
africa,africa,1905,141140754
africa,africa,1906,141689013
africa,africa,1907,142251723
africa,africa,1908,142829038
africa,africa,1909,143411841
africa,africa,1910,143998929
africa,africa,1911,144588414
africa,africa,1912,145180397
africa,africa,1913,145772966
africa,africa,1914,146374165
africa,africa,1915,146984084
africa,africa,1916,147602816
africa,africa,1917,148230439
africa,africa,1918,148839564
africa,africa,1919,149699747
africa,africa,1920,150814861
africa,africa,1921,152188837
africa,africa,1922,153825698
africa,africa,1923,155729537
africa,africa,1924,157661661
africa,africa,1925,159622530
africa,africa,1926,161612582
africa,africa,1927,163632275
africa,africa,1928,165682063
africa,africa,1929,167764385
africa,africa,1930,169879710
africa,africa,1931,172028509
africa,africa,1932,174211299
africa,africa,1933,176428551
africa,africa,1934,178678807
africa,africa,1935,180962588
africa,africa,1936,183280407
africa,africa,1937,185632774
africa,africa,1938,188020246
africa,africa,1939,190562682
africa,africa,1940,193264781
africa,africa,1941,196131348
africa,africa,1942,199167330
africa,africa,1943,202377776
africa,africa,1944,205648556
africa,africa,1945,208980837
africa,africa,1946,212375815
africa,africa,1947,215834721
africa,africa,1948,219358802
africa,africa,1949,223223719
africa,africa,1950,227488491
africa,africa,1951,232258049
africa,africa,1952,237229170
africa,africa,1953,242362696
africa,africa,1954,247670544
africa,africa,1955,253189089
africa,africa,1956,258909169
africa,africa,1957,264752252
africa,africa,1958,270650816
africa,africa,1959,276865865
africa,africa,1960,283500719
africa,africa,1961,290376821
africa,africa,1962,297507616
africa,africa,1963,304904049
africa,africa,1964,312577887
africa,africa,1965,320515347
africa,africa,1966,328739044
africa,africa,1967,337321967
africa,africa,1968,346255412
africa,africa,1969,355470716
africa,africa,1970,364970187
africa,africa,1971,374727811
africa,africa,1972,384704457
africa,africa,1973,395205153
africa,africa,1974,406244955
africa,africa,1975,417807875
africa,africa,1976,429863709
africa,africa,1977,442004201
africa,africa,1978,454859254
africa,africa,1979,468493899
africa,africa,1980,482324341
africa,africa,1981,496873389
africa,africa,1982,512192018
africa,africa,1983,527447027
africa,africa,1984,542833142
africa,africa,1985,558839359
africa,africa,1986,575122450
africa,africa,1987,591736137
africa,africa,1988,608501920
africa,africa,1989,625452544
africa,africa,1990,642846702
africa,africa,1991,660152081
africa,africa,1992,677582735
africa,africa,1993,695622470
africa,africa,1994,713479556
africa,africa,1995,731645853
africa,africa,1996,750394194
africa,africa,1997,769274269
africa,africa,1998,788840949
africa,africa,1999,808910172
africa,africa,2000,829384936
africa,africa,2001,850464025
africa,africa,2002,872157364
africa,africa,2003,894454443
africa,africa,2004,917475349
africa,africa,2005,941222316
africa,africa,2006,965582398
africa,africa,2007,990673925
africa,africa,2008,1016652293
africa,africa,2009,1043336918
africa,africa,2010,1070749561
africa,africa,2011,1098658391
africa,africa,2012,1127332968
africa,africa,2013,1157243215
africa,africa,2014,1187647851
africa,africa,2015,1218473176
africa,africa,2016,1249584564
africa,africa,2017,1281259856
africa,africa,2018,1313751874
africa,africa,2019,1346329353
africa,africa,2020,1379120556
africa,africa,2021,1412026537
africa,africa,2022,1445132762
africa,africa,2023,1478994608
africa,africa,2024,1513340011
africa,africa,2025,1548042068
africa,africa,2026,1583135464
africa,africa,2027,1618388296
africa,africa,2028,1653780072
africa,africa,2029,1689406325
africa,africa,2030,1725269651
africa,africa,2031,1761374465
africa,africa,2032,1797688032
africa,africa,2033,1834152681
africa,africa,2034,1870813945
africa,africa,2035,1907688625
africa,africa,2036,1944700962
africa,africa,2037,1981788452
africa,africa,2038,2018946943
africa,africa,2039,2056182572
africa,africa,2040,2093488564
africa,africa,2041,2130824868
africa,africa,2042,2168154407
africa,africa,2043,2205483904
africa,africa,2044,2242782749
africa,africa,2045,2279970377
africa,africa,2046,2317044619
africa,africa,2047,2354056366
africa,africa,2048,2390970487
africa,africa,2049,2427714595
africa,africa,2050,2464279500
africa,africa,2051,2500736631
africa,africa,2052,2537047896
africa,africa,2053,2573101962
africa,africa,2054,2608942720
africa,africa,2055,2644597620
africa,africa,2056,2680011833
africa,africa,2057,2715120915
africa,africa,2058,2749938676
africa,africa,2059,2784579616
africa,africa,2060,2818966159
africa,africa,2061,2853038152
africa,africa,2062,2886754629
africa,africa,2063,2920046715
africa,africa,2064,2953002185
africa,africa,2065,2985607972
africa,africa,2066,3017814137
africa,africa,2067,3049644062
africa,africa,2068,3081044552
africa,africa,2069,3111998508
africa,africa,2070,3142539432
africa,africa,2071,3172662786
africa,africa,2072,3202363699
africa,africa,2073,3231568870
africa,africa,2074,3260299686
africa,africa,2075,3288562803
africa,africa,2076,3316267815
africa,africa,2077,3343482880
africa,africa,2078,3370225568
africa,africa,2079,3396356789
africa,africa,2080,3421877677
africa,africa,2081,3446817709
africa,africa,2082,3471216408
africa,africa,2083,3495108522
africa,africa,2084,3518409097
africa,africa,2085,3541155413
africa,africa,2086,3563416836
africa,africa,2087,3585043875
africa,africa,2088,3605947918
africa,africa,2089,3626282972
africa,africa,2090,3646089071
africa,africa,2091,3665235381
africa,africa,2092,3683722058
africa,africa,2093,3701616756
africa,africa,2094,3718929692
africa,africa,2095,3735648898
africa,africa,2096,3751829414
africa,africa,2097,3767448939
africa,africa,2098,3782475092
africa,africa,2099,3796918938
africa,africa,2100,3810821906
asia,asia,1800,672521875
asia,asia,1801,674654640
asia,asia,1802,676807276
asia,asia,1803,678979750
asia,asia,1804,681172043
asia,asia,1805,683384131
asia,asia,1806,685616004
asia,asia,1807,687867662
asia,asia,1808,690139105
asia,asia,1809,692430338
asia,asia,1810,695885565
asia,asia,1811,699359091
asia,asia,1812,703261039
asia,asia,1813,707596715
asia,asia,1814,712004322
asia,asia,1815,716484424
asia,asia,1816,721037578
asia,asia,1817,725664364
asia,asia,1818,730365363
asia,asia,1819,734915860
asia,asia,1820,739311353
asia,asia,1821,743315487
asia,asia,1822,747133043
asia,asia,1823,751247920
asia,asia,1824,755394564
asia,asia,1825,759573214
asia,asia,1826,763784128
asia,asia,1827,768027555
asia,asia,1828,772303742
asia,asia,1829,776091585
asia,asia,1830,779387312
asia,asia,1831,782187118
asia,asia,1832,784482248
asia,asia,1833,786268780
asia,asia,1834,788064147
asia,asia,1835,789868419
asia,asia,1836,791681656
asia,asia,1837,793503933
asia,asia,1838,795335325
asia,asia,1839,797116077
asia,asia,1840,798846226
asia,asia,1841,800529347
asia,asia,1842,802165566
asia,asia,1843,803755009
asia,asia,1844,805357640
asia,asia,1845,806973629
asia,asia,1846,808603161
asia,asia,1847,810246405
asia,asia,1848,811903556
asia,asia,1849,812872119
asia,asia,1850,813160244
asia,asia,1851,812412640
asia,asia,1852,810999539
asia,asia,1853,808929638
asia,asia,1854,806913691
asia,asia,1855,804952061
asia,asia,1856,803045135
asia,asia,1857,801193348
asia,asia,1858,799397177
asia,asia,1859,797947449
asia,asia,1860,796839969
asia,asia,1861,796079522
asia,asia,1862,795660708
asia,asia,1863,795574530
asia,asia,1864,795522510
asia,asia,1865,795497321
asia,asia,1866,795497591
asia,asia,1867,795530256
asia,asia,1868,795593421
asia,asia,1869,796105516
asia,asia,1870,797076951
asia,asia,1871,798487108
asia,asia,1872,800360609
asia,asia,1873,802666579
asia,asia,1874,804978165
asia,asia,1875,807322347
asia,asia,1876,809678372
asia,asia,1877,812016303
asia,asia,1878,814351861
asia,asia,1879,817128414
asia,asia,1880,820383157
asia,asia,1881,824135661
asia,asia,1882,828386373
asia,asia,1883,833126123
asia,asia,1884,837916664
asia,asia,1885,842812304
asia,asia,1886,847732485
asia,asia,1887,852722894
asia,asia,1888,857755656
asia,asia,1889,862611748
asia,asia,1890,867307033
asia,asia,1891,871794181
asia,asia,1892,876087539
asia,asia,1893,880191840
asia,asia,1894,884350538
asia,asia,1895,888575675
asia,asia,1896,892803245
asia,asia,1897,897089074
asia,asia,1898,901411242
asia,asia,1899,906214088
asia,asia,1900,911463914
asia,asia,1901,917152479
asia,asia,1902,923305737
asia,asia,1903,929914840
asia,asia,1904,936589006
asia,asia,1905,943331107
asia,asia,1906,950145142
asia,asia,1907,957050096
asia,asia,1908,964047772
asia,asia,1909,971113125
asia,asia,1910,978249203
asia,asia,1911,985418990
asia,asia,1912,992737869
asia,asia,1913,1000147014
asia,asia,1914,1007666509
asia,asia,1915,1015299081
asia,asia,1916,1022990263
asia,asia,1917,1030716511
asia,asia,1918,1039125334
asia,asia,1919,1047449325
asia,asia,1920,1055695603
asia,asia,1921,1063746264
asia,asia,1922,1071599804
asia,asia,1923,1079277163
asia,asia,1924,1087092890
asia,asia,1925,1095030800
asia,asia,1926,1103101021
asia,asia,1927,1111303332
asia,asia,1928,1119652506
asia,asia,1929,1128793647
asia,asia,1930,1138768328
asia,asia,1931,1149591327
asia,asia,1932,1161253722
asia,asia,1933,1173723475
asia,asia,1934,1186351045
asia,asia,1935,1199142868
asia,asia,1936,1212194695
asia,asia,1937,1225473319
asia,asia,1938,1239017606
asia,asia,1939,1251228352
asia,asia,1940,1262108169
asia,asia,1941,1271670939
asia,asia,1942,1279895616
asia,asia,1943,1286590883
asia,asia,1944,1293001071
asia,asia,1945,1299524196
asia,asia,1946,1306445737
asia,asia,1947,1314074161
asia,asia,1948,1322254493
asia,asia,1949,1334564649
asia,asia,1950,1350689114
asia,asia,1951,1376986700
asia,asia,1952,1406130116
asia,asia,1953,1437305547
asia,asia,1954,1469543364
asia,asia,1955,1503738985
asia,asia,1956,1538253506
asia,asia,1957,1573973205
asia,asia,1958,1610455835
asia,asia,1959,1642568421
asia,asia,1960,1668926539
asia,asia,1961,1694612815
asia,asia,1962,1729038874
asia,asia,1963,1774271357
asia,asia,1964,1821618124
asia,asia,1965,1867456672
asia,asia,1966,1912885040
asia,asia,1967,1958216782
asia,asia,1968,2005888689
asia,asia,1969,2055796514
asia,asia,1970,2106660978
asia,asia,1971,2156875894
asia,asia,1972,2206369054
asia,asia,1973,2256695531
asia,asia,1974,2306554001
asia,asia,1975,2354947676
asia,asia,1976,2402096916
asia,asia,1977,2448964771
asia,asia,1978,2495680174
asia,asia,1979,2543773720
asia,asia,1980,2593884524
asia,asia,1981,2645492894
asia,asia,1982,2699348346
asia,asia,1983,2753777946
asia,asia,1984,2808225737
asia,asia,1985,2864025301
asia,asia,1986,2921778776
asia,asia,1987,2981662559
asia,asia,1988,3041812697
asia,asia,1989,3102015489
asia,asia,1990,3162690806
asia,asia,1991,3221184966
asia,asia,1992,3277253654
asia,asia,1993,3331993628
asia,asia,1994,3385113033
asia,asia,1995,3437757847
asia,asia,1996,3490343434
asia,asia,1997,3542446232
asia,asia,1998,3594038094
asia,asia,1999,3644984130
asia,asia,2000,3695909978
asia,asia,2001,3746772715
asia,asia,2002,3795910826
asia,asia,2003,3844060183
asia,asia,2004,3892339085
asia,asia,2005,3940571170
asia,asia,2006,3989233323
asia,asia,2007,4037880008
asia,asia,2008,4086381421
asia,asia,2009,4135660389
asia,asia,2010,4185223699
asia,asia,2011,4234553641
asia,asia,2012,4284218480
asia,asia,2013,4332895188
asia,asia,2014,4379807921
asia,asia,2015,4424737655
asia,asia,2016,4468796639
asia,asia,2017,4512050492
asia,asia,2018,4552490484
asia,asia,2019,4590908585
asia,asia,2020,4626393020
asia,asia,2021,4656427741
asia,asia,2022,4685787807
asia,asia,2023,4716308828
asia,asia,2024,4745453688
asia,asia,2025,4774129516
asia,asia,2026,4802356535
asia,asia,2027,4830174023
asia,asia,2028,4857222816
asia,asia,2029,4883471575
asia,asia,2030,4908941442
asia,asia,2031,4933597711
asia,asia,2032,4957407256
asia,asia,2033,4980374495
asia,asia,2034,5002463256
asia,asia,2035,5023649819
asia,asia,2036,5043993573
asia,asia,2037,5063477329
asia,asia,2038,5082055081
asia,asia,2039,5099749035
asia,asia,2040,5116536540
asia,asia,2041,5132342764
asia,asia,2042,5147112902
asia,asia,2043,5160886483
asia,asia,2044,5173673301
asia,asia,2045,5185410584
asia,asia,2046,5196038088
asia,asia,2047,5205439107
asia,asia,2048,5213598538
asia,asia,2049,5220581766
asia,asia,2050,5226324663
asia,asia,2051,5230714556
asia,asia,2052,5233803221
asia,asia,2053,5235759304
asia,asia,2054,5236556418
asia,asia,2055,5236189015
asia,asia,2056,5234775674
asia,asia,2057,5232360281
asia,asia,2058,5228946427
asia,asia,2059,5224541965
asia,asia,2060,5219300672
asia,asia,2061,5213279349
asia,asia,2062,5206584189
asia,asia,2063,5199356433
asia,asia,2064,5191552879
asia,asia,2065,5183197300
asia,asia,2066,5174315435
asia,asia,2067,5164851280
asia,asia,2068,5154885478
asia,asia,2069,5144440660
asia,asia,2070,5133474308
asia,asia,2071,5121976158
asia,asia,2072,5109897362
asia,asia,2073,5097306751
asia,asia,2074,5084164382
asia,asia,2075,5070358801
asia,asia,2076,5055971243
asia,asia,2077,5041030724
asia,asia,2078,5025463957
asia,asia,2079,5009395441
asia,asia,2080,4992877311
asia,asia,2081,4975816456
asia,asia,2082,4958286734
asia,asia,2083,4940344084
asia,asia,2084,4922056895
asia,asia,2085,4903494531
asia,asia,2086,4884579225
asia,asia,2087,4865428607
asia,asia,2088,4846152321
asia,asia,2089,4826686306
asia,asia,2090,4807066245
asia,asia,2091,4787349374
asia,asia,2092,4767520820
asia,asia,2093,4747537072
asia,asia,2094,4727356701
asia,asia,2095,4707014154
asia,asia,2096,4686523734
asia,asia,2097,4665879849
asia,asia,2098,4645089450
asia,asia,2099,4624187438
asia,asia,2100,4603160328
europe,europe,1800,206910570
europe,europe,1801,207842812
europe,europe,1802,208785186
europe,europe,1803,209737823
europe,europe,1804,210700861
europe,europe,1805,211674437
europe,europe,1806,212658690
europe,europe,1807,213653769
europe,europe,1808,214659809
europe,europe,1809,215676962
europe,europe,1810,217107075
europe,europe,1811,218568301
europe,europe,1812,220208993
europe,europe,1813,222039160
europe,europe,1814,223942149
europe,europe,1815,225921010
europe,europe,1816,227978974
europe,europe,1817,230119433
europe,europe,1818,232345972
europe,europe,1819,234528020
europe,europe,1820,236655490
europe,europe,1821,238709520
europe,europe,1822,240686010
europe,europe,1823,242588755
europe,europe,1824,244523290
europe,europe,1825,246493604
europe,europe,1826,248544634
europe,europe,1827,250629262
europe,europe,1828,252747839
europe,europe,1829,254854860
europe,europe,1830,256949794
europe,europe,1831,258991527
europe,europe,1832,261005543
europe,europe,1833,262991126
europe,europe,1834,264993413
europe,europe,1835,267012529
europe,europe,1836,269048642
europe,europe,1837,271101899
europe,europe,1838,273172449
europe,europe,1839,275155098
europe,europe,1840,277049744
europe,europe,1841,278860314
europe,europe,1842,280582673
europe,europe,1843,282216669
europe,europe,1844,283867484
europe,europe,1845,285535176
europe,europe,1846,287219809
europe,europe,1847,288921441
europe,europe,1848,290640137
europe,europe,1849,292388641
europe,europe,1850,294167045
europe,europe,1851,295952982
europe,europe,1852,297768901
europe,europe,1853,299614890
europe,europe,1854,301478432
europe,europe,1855,303359629
europe,europe,1856,305258593
europe,europe,1857,307175431
europe,europe,1858,309110270
europe,europe,1859,311099531
europe,europe,1860,313143439
europe,europe,1861,315236534
europe,europe,1862,317384681
europe,europe,1863,319588130
europe,europe,1864,321810827
europe,europe,1865,324052935
europe,europe,1866,326314634
europe,europe,1867,328596093
europe,europe,1868,330897494
europe,europe,1869,333263367
europe,europe,1870,335694808
europe,europe,1871,338141537
europe,europe,1872,340711944
europe,europe,1873,343351334
europe,europe,1874,346016473
europe,europe,1875,348707639
europe,europe,1876,351425096
europe,europe,1877,354169133
europe,europe,1878,356940019
europe,europe,1879,359726404
europe,europe,1880,362528304
europe,europe,1881,365343504
europe,europe,1882,368174226
europe,europe,1883,371020458
europe,europe,1884,373893926
europe,europe,1885,376794889
europe,europe,1886,379723618
europe,europe,1887,382680387
europe,europe,1888,385665473
europe,europe,1889,388697802
europe,europe,1890,391778059
europe,europe,1891,394915682
europe,europe,1892,398102754
europe,europe,1893,401339981
europe,europe,1894,404609336
europe,europe,1895,407911159
europe,europe,1896,411245795
europe,europe,1897,414613596
europe,europe,1898,418014914
europe,europe,1899,421484017
europe,europe,1900,425021816
europe,europe,1901,428634696
europe,europe,1902,432316665
europe,europe,1903,436069667
europe,europe,1904,439860749
europe,europe,1905,443690337
europe,europe,1906,447557875
europe,europe,1907,451466786
europe,europe,1908,455414531
europe,europe,1909,458790875
europe,europe,1910,461594420
europe,europe,1911,463785198
europe,europe,1912,465420246
europe,europe,1913,466479677
europe,europe,1914,467564210
europe,europe,1915,468616840
europe,europe,1916,469629549
europe,europe,1917,470639337
europe,europe,1918,471670117
europe,europe,1919,473211067
europe,europe,1920,475361631
europe,europe,1921,477955285
europe,europe,1922,481114545
europe,europe,1923,484729946
europe,europe,1924,488384876
europe,europe,1925,492096521
europe,europe,1926,495834098
europe,europe,1927,499596831
europe,europe,1928,503404965
europe,europe,1929,507221803
europe,europe,1930,511050589
europe,europe,1931,514892595
europe,europe,1932,518736130
europe,europe,1933,522578523
europe,europe,1934,526452081
europe,europe,1935,530355211
europe,europe,1936,534289328
europe,europe,1937,538257845
europe,europe,1938,542237183
europe,europe,1939,546182588
europe,europe,1940,549678624
europe,europe,1941,552815807
europe,europe,1942,555635606
europe,europe,1943,558238414
europe,europe,1944,560975787
europe,europe,1945,563264876
europe,europe,1946,564841850
europe,europe,1947,566872886
europe,europe,1948,569767605
europe,europe,1949,573199519
europe,europe,1950,577405866
europe,europe,1951,583118829
europe,europe,1952,588852701
europe,europe,1953,595017082
europe,europe,1954,601447425
europe,europe,1955,607985801
europe,europe,1956,614626133
europe,europe,1957,621677051
europe,europe,1958,629144896
europe,europe,1959,636392808
europe,europe,1960,643433282
europe,europe,1961,650514009
europe,europe,1962,657514401
europe,europe,1963,664353561
europe,europe,1964,670978002
europe,europe,1965,677271640
europe,europe,1966,683332630
europe,europe,1967,689119289
europe,europe,1968,694727021
europe,europe,1969,700344936
europe,europe,1970,705254837
europe,europe,1971,710261047
europe,europe,1972,715896776
europe,europe,1973,721230180
europe,europe,1974,726200172
europe,europe,1975,730729573
europe,europe,1976,735149852
europe,europe,1977,739708848
europe,europe,1978,744151925
europe,europe,1979,748503884
europe,europe,1980,753057090
europe,europe,1981,757415136
europe,europe,1982,761418176
europe,europe,1983,765526512
europe,europe,1984,769639271
europe,europe,1985,773725385
europe,europe,1986,778005456
europe,europe,1987,782374549
europe,europe,1988,786788518
europe,europe,1989,791058261
europe,europe,1990,794915005
europe,europe,1991,798307023
europe,europe,1992,800361326
europe,europe,1993,801606776
europe,europe,1994,803389997
europe,europe,1995,804794993
europe,europe,1996,805665801
europe,europe,1997,806565103
europe,europe,1998,806951527
europe,europe,1999,807297511
europe,europe,2000,808067066
europe,europe,2001,808872821
europe,europe,2002,810534413
europe,europe,2003,812600866
europe,europe,2004,814294174
europe,europe,2005,815912780
europe,europe,2006,817355915
europe,europe,2007,819367674
europe,europe,2008,821927784
europe,europe,2009,824305663
europe,europe,2010,826482485
europe,europe,2011,828652803
europe,europe,2012,830827002
europe,europe,2013,833149397
europe,europe,2014,836087585
europe,europe,2015,839827639
europe,europe,2016,843378731
europe,europe,2017,846342392
europe,europe,2018,848893272
europe,europe,2019,850867130
europe,europe,2020,851695278
europe,europe,2021,851427272
europe,europe,2022,850263978
europe,europe,2023,849241875
europe,europe,2024,849001700
europe,europe,2025,848588421
europe,europe,2026,847963529
europe,europe,2027,847170532
europe,europe,2028,846280030
europe,europe,2029,845276308
europe,europe,2030,844174110
europe,europe,2031,842963980
europe,europe,2032,841678758
europe,europe,2033,840372191
europe,europe,2034,839024022
europe,europe,2035,837630420
europe,europe,2036,836190409
europe,europe,2037,834707939
europe,europe,2038,833193296
europe,europe,2039,831631882
europe,europe,2040,830041411
europe,europe,2041,828449098
europe,europe,2042,826839219
europe,europe,2043,825167704
europe,europe,2044,823422361
europe,europe,2045,821617387
europe,europe,2046,819752734
europe,europe,2047,817797365
europe,europe,2048,815720201
europe,europe,2049,813511855
europe,europe,2050,811175744
europe,europe,2051,808728570
europe,europe,2052,806170944
europe,europe,2053,803461895
europe,europe,2054,800607070
europe,europe,2055,797636255
europe,europe,2056,794553179
europe,europe,2057,791400969
europe,europe,2058,788192629
europe,europe,2059,784921274
europe,europe,2060,781623505
europe,europe,2061,778316208
europe,europe,2062,774990621
europe,europe,2063,771665413
europe,europe,2064,768345938
europe,europe,2065,765037954
europe,europe,2066,761767919
europe,europe,2067,758559001
europe,europe,2068,755390055
europe,europe,2069,752244543
europe,europe,2070,749133160
europe,europe,2071,746061075
europe,europe,2072,743042524
europe,europe,2073,740068765
europe,europe,2074,737120848
europe,europe,2075,734239629
europe,europe,2076,731432150
europe,europe,2077,728650315
europe,europe,2078,725904606
europe,europe,2079,723208745
europe,europe,2080,720557135
europe,europe,2081,717964960
europe,europe,2082,715407251
europe,europe,2083,712871820
europe,europe,2084,710367156
europe,europe,2085,707870876
europe,europe,2086,705387871
europe,europe,2087,702947988
europe,europe,2088,700547475
europe,europe,2089,698153833
europe,europe,2090,695754657
europe,europe,2091,693381140
europe,europe,2092,691030582
europe,europe,2093,688692188
europe,europe,2094,686379824
europe,europe,2095,684058184
europe,europe,2096,681699726
europe,europe,2097,679322405
europe,europe,2098,676946774
europe,europe,2099,674553325
europe,europe,2100,672127985
americas,americas,1800,23556679
americas,americas,1801,23817319
americas,americas,1802,24087376
americas,americas,1803,24367066
americas,americas,1804,24656605
americas,americas,1805,24956229
americas,americas,1806,25266199
americas,americas,1807,25586783
americas,americas,1808,25918267
americas,americas,1809,26260970
americas,americas,1810,26690357
americas,americas,1811,27119143
americas,americas,1812,27581531
americas,americas,1813,28078198
americas,americas,1814,28589362
americas,americas,1815,29115431
americas,americas,1816,29656837
americas,americas,1817,30214012
americas,americas,1818,30787413
americas,americas,1819,31359561
americas,americas,1820,31930382
americas,americas,1821,32494929
americas,americas,1822,33057964
americas,americas,1823,33622012
americas,americas,1824,34202396
americas,americas,1825,34799604
americas,americas,1826,35414150
americas,americas,1827,36046555
americas,americas,1828,36697369
americas,americas,1829,37378035
americas,americas,1830,38088948
americas,americas,1831,38830521
americas,americas,1832,39603158
americas,americas,1833,40407297
americas,americas,1834,41232471
americas,americas,1835,42079307
americas,americas,1836,42948438
americas,americas,1837,43840532
americas,americas,1838,44756262
americas,americas,1839,45703509
americas,americas,1840,46683454
americas,americas,1841,47697313
americas,americas,1842,48746368
americas,americas,1843,49831938
americas,americas,1844,50948234
americas,americas,1845,52096229
americas,americas,1846,53276959
americas,americas,1847,54491462
americas,americas,1848,55740843
americas,americas,1849,56977768
americas,americas,1850,58202364
americas,americas,1851,59424077
americas,americas,1852,60633859
americas,americas,1853,61831663
americas,americas,1854,63065853
americas,americas,1855,64337286
americas,americas,1856,65646847
americas,americas,1857,66995468
americas,americas,1858,68384101
americas,americas,1859,69734610
americas,americas,1860,71044143
americas,americas,1861,72309769
americas,americas,1862,73528470
americas,americas,1863,74697156
americas,americas,1864,75891743
americas,americas,1865,77112821
americas,americas,1866,78360986
americas,americas,1867,79636856
americas,americas,1868,80941063
americas,americas,1869,82299667
americas,americas,1870,83714149
americas,americas,1871,85185995
americas,americas,1872,86716702
americas,americas,1873,88307758
americas,americas,1874,89935370
americas,americas,1875,91600230
americas,americas,1876,93303060
americas,americas,1877,95044591
americas,americas,1878,96825582
americas,americas,1879,98660248
americas,americas,1880,100549538
americas,americas,1881,102494462
americas,americas,1882,104496113
americas,americas,1883,106555682
americas,americas,1884,108660889
americas,americas,1885,110812969
americas,americas,1886,113013180
americas,americas,1887,115262852
americas,americas,1888,117563348
americas,americas,1889,119857442
americas,americas,1890,122144055
americas,americas,1891,124422008
americas,americas,1892,126690011
americas,americas,1893,128946667
americas,americas,1894,131249233
americas,americas,1895,133598601
americas,americas,1896,135995714
americas,americas,1897,138441522
americas,americas,1898,140937007
americas,americas,1899,143511098
americas,americas,1900,146165731
americas,americas,1901,148902914
americas,americas,1902,151724714
americas,americas,1903,154633271
americas,americas,1904,157602856
americas,americas,1905,160634846
americas,americas,1906,163730656
americas,americas,1907,166891733
americas,americas,1908,170119570
americas,americas,1909,173261920
americas,americas,1910,176315352
americas,americas,1911,179276321
americas,americas,1912,182141161
americas,americas,1913,184906104
americas,americas,1914,187720994
americas,americas,1915,190586790
americas,americas,1916,193504494
americas,americas,1917,196475095
americas,americas,1918,199472491
americas,americas,1919,202575365
americas,americas,1920,205785555
americas,americas,1921,209104940
americas,americas,1922,212535424
americas,americas,1923,216078957
americas,americas,1924,219686155
americas,americas,1925,223358255
americas,americas,1926,227096532
americas,americas,1927,230902280
americas,americas,1928,234776821
americas,americas,1929,238491113
americas,americas,1930,242040394
americas,americas,1931,245419807
americas,americas,1932,248624364
americas,americas,1933,251648965
americas,americas,1934,254718792
americas,americas,1935,257834628
americas,americas,1936,260997267
americas,americas,1937,264207530
americas,americas,1938,267466236
americas,americas,1939,271141246
americas,americas,1940,275245867
americas,americas,1941,279793795
americas,americas,1942,284799133
americas,americas,1943,290276389
americas,americas,1944,295873495
americas,americas,1945,301593379
americas,americas,1946,307439053
americas,americas,1947,313413606
americas,americas,1948,319520216
americas,americas,1949,325979004
americas,americas,1950,332801946
americas,americas,1951,339785417
americas,americas,1952,347029191
americas,americas,1953,354508986
americas,americas,1954,362253218
americas,americas,1955,370251116
americas,americas,1956,378504947
americas,americas,1957,387031648
americas,americas,1958,395745412
americas,americas,1959,404799476
americas,americas,1960,414198850
americas,americas,1961,423844542
americas,americas,1962,433675800
americas,americas,1963,443525984
americas,americas,1964,453404297
americas,americas,1965,463226731
americas,americas,1966,472907364
americas,americas,1967,482461854
americas,americas,1968,491919518
americas,americas,1969,501393514
americas,americas,1970,511208538
americas,americas,1971,521276217
americas,americas,1972,531119928
americas,americas,1973,540758661
americas,americas,1974,550417768
americas,americas,1975,560138936
americas,americas,1976,569901195
americas,americas,1977,579811566
americas,americas,1978,589889939
americas,americas,1979,600106619
americas,americas,1980,610535410
americas,americas,1981,621055146
americas,americas,1982,631639766
americas,americas,1983,642362965
americas,americas,1984,653123764
americas,americas,1985,663858536
americas,americas,1986,674529061
americas,americas,1987,685190186
americas,americas,1988,695965823
americas,americas,1989,706849753
americas,americas,1990,718162182
americas,americas,1991,729765731
americas,americas,1992,741328691
americas,americas,1993,752727619
americas,americas,1994,763847595
americas,americas,1995,774831212
americas,americas,1996,785671662
americas,americas,1997,796391554
americas,americas,1998,807145652
americas,americas,1999,817841923
americas,americas,2000,828364943
americas,americas,2001,838775000
americas,americas,2002,849010912
americas,americas,2003,859076805
americas,americas,2004,869053870
americas,americas,2005,879009623
americas,americas,2006,888982972
americas,americas,2007,899038842
americas,americas,2008,909101619
americas,americas,2009,919031235
americas,americas,2010,928815608
americas,americas,2011,938572649
americas,americas,2012,948309464
americas,americas,2013,957963346
americas,americas,2014,967516921
americas,americas,2015,976920364
americas,americas,2016,986286631
americas,americas,2017,995516763
americas,americas,2018,1004357092
americas,americas,2019,1012758739
americas,americas,2020,1019345598
americas,americas,2021,1024116808
americas,americas,2022,1029780594
americas,americas,2023,1036729172
americas,americas,2024,1043693262
americas,americas,2025,1050353521
americas,americas,2026,1056711357
americas,americas,2027,1062839309
americas,americas,2028,1068804396
americas,americas,2029,1074590560
americas,americas,2030,1080192094
americas,americas,2031,1085629893
americas,americas,2032,1090897553
americas,americas,2033,1095988168
americas,americas,2034,1100920873
americas,americas,2035,1105679063
americas,americas,2036,1110240607
americas,americas,2037,1114621465
americas,americas,2038,1118827275
americas,americas,2039,1122823249
americas,americas,2040,1126591349
americas,americas,2041,1130143882
americas,americas,2042,1133495924
americas,americas,2043,1136629391
americas,americas,2044,1139517197
americas,americas,2045,1142180874
americas,americas,2046,1144614499
americas,americas,2047,1146836900
americas,americas,2048,1148855709
americas,americas,2049,1150651446
americas,americas,2050,1152262465
americas,americas,2051,1153707209
americas,americas,2052,1154969782
americas,americas,2053,1156052189
americas,americas,2054,1156940970
americas,americas,2055,1157645450
americas,americas,2056,1158206574
americas,americas,2057,1158658812
americas,americas,2058,1159028015
americas,americas,2059,1159274479
americas,americas,2060,1159360945
americas,americas,2061,1159340046
americas,americas,2062,1159233090
americas,americas,2063,1159015832
americas,americas,2064,1158674988
americas,americas,2065,1158217501
americas,americas,2066,1157668588
americas,americas,2067,1157041338
americas,americas,2068,1156307192
americas,americas,2069,1155461628
americas,americas,2070,1154495186
americas,americas,2071,1153417579
americas,americas,2072,1152223783
americas,americas,2073,1150891961
americas,americas,2074,1149445405
americas,americas,2075,1147917160
americas,americas,2076,1146298159
americas,americas,2077,1144534770
americas,americas,2078,1142651295
americas,americas,2079,1140651255
americas,americas,2080,1138526852
americas,americas,2081,1136360109
americas,americas,2082,1134128722
americas,americas,2083,1131793592
americas,americas,2084,1129390135
americas,americas,2085,1126881348
americas,americas,2086,1124307176
americas,americas,2087,1121710918
americas,americas,2088,1119114350
americas,americas,2089,1116490649
americas,americas,2090,1113788579
americas,americas,2091,1111066756
americas,americas,2092,1108343186
americas,americas,2093,1105585171
americas,americas,2094,1102804328
americas,americas,2095,1100004774
americas,americas,2096,1097157450
americas,americas,2097,1094294136
americas,americas,2098,1091411644
americas,americas,2099,1088499555
americas,americas,2100,1085557313